idaluno,idturma,motivoinativacao,nomedisciplina,notafase,nomefase,idfasenota,numerofase,idade,corraca,sexo,datasituacaoativo,datasituacaoinativo,datahoraefetivacaomatricula,diasmatriculado,inativo
217,172,,PORTUGUÊS,1.0,MÉDIA DIAGNÓSTICA,241,5,15.0,B,F,2022-01-01 00:00:00,2022-12-31 00:00:00,2022-01-20 00:00:00,345.0,False
307,425,,INGLÊS,9.0,1º SEMESTRE,279,2,16.0,R,F,2022-01-01 00:00:00,2022-12-31 00:00:00,2022-03-04 00:00:00,302.0,False
260,291,,INGLÊS,6.0,DIAGNOSTICA 2,281,4,16.0,R,F,2022-01-01 00:00:00,2022-12-31 00:00:00,2022-04-28 00:00:00,247.0,False
261,174,,MATEMÁTICA,2.5,MÉDIA DIAGNÓSTICA,241,5,14.0,R,M,2022-01-01 00:00:00,2022-12-31 00:00:00,2022-03-07 00:00:00,299.0,False
99,208,,PORTUGUÊS,7.0,DIAGNOSTICA 2,263,4,19.0,R,F,2022-01-01 00:00:00,2022-12-31 00:00:00,2022-01-20 00:00:00,345.0,False
240,452,,INGLÊS,0.0,1º SEMESTRE,279,2,15.0,R,M,2022-01-01 00:00:00,2022-12-31 00:00:00,2022-07-23 19:33:00,160.0,False
186,185,,INGLÊS,8.5,1º SEMESTRE,243,2,13.0,R,M,2022-01-01 00:00:00,2022-12-31 00:00:00,2022-01-20 00:00:00,345.0,False
25,283,,INGLÊS,3.0,MÉDIA DIAGNÓSTICA,283,5,20.0,P,F,2022-01-01 00:00:00,2022-12-31 00:00:00,2022-02-28 00:00:00,306.0,False
321,289,,INGLÊS,3.5,MÉDIA DIAGNÓSTICA,283,5,17.0,B,F,2022-01-01 00:00:00,2022-12-31 00:00:00,2022-02-25 00:00:00,309.0,False
304,256,,INGLÊS,4.0,MÉDIA DIAGNÓSTICA,247,5,15.0,B,F,2022-01-01 00:00:00,2022-12-31 00:00:00,2022-01-19 00:00:00,346.0,False
96,300,,INGLÊS,6.5,DIAGNOSTICA 1,278,1,19.0,B,F,2022-01-01 00:00:00,2022-12-31 00:00:00,2022-02-27 00:00:00,307.0,False
215,160,,PORTUGUÊS,2.0,DIAGNOSTICA 1,230,1,12.0,B,F,2022-01-01 00:00:00,2022-12-31 00:00:00,2022-07-16 14:17:00,167.0,False
299,170,Mudou de bairro/cidade/distância,PORTUGUÊS,0.0,DIAGNOSTICA 1,236,1,13.0,B,M,2022-01-01 00:00:00,2022-05-31 00:00:00,2022-02-03 00:00:00,117.0,True
159,243,,MATEMÁTICA,6.0,DIAGNOSTICA 2,251,4,18.0,B,M,2022-01-01 00:00:00,2022-12-31 00:00:00,2022-01-18 00:00:00,347.0,False
161,200,,MATEMÁTICA,5.0,MÉDIA DIAGNÓSTICA,259,5,16.0,R,F,2022-01-01 00:00:00,2022-12-31 00:00:00,2022-01-18 00:00:00,347.0,False
310,194,,MATEMÁTICA,5.0,DIAGNOSTICA 1,242,1,15.0,R,F,2022-01-01 00:00:00,2022-12-31 00:00:00,2022-01-19 00:00:00,346.0,False
109,300,,INGLÊS,9.5,1º SEMESTRE,279,2,19.0,B,F,2022-01-01 00:00:00,2022-12-31 00:00:00,2022-02-27 00:00:00,307.0,False
332,276,,INGLÊS,0.0,DIAGNOSTICA 1,278,1,16.0,R,M,2022-01-01 00:00:00,2022-12-31 00:00:00,2022-02-25 00:00:00,309.0,False
246,185,,MATEMÁTICA,5.0,MÉDIA DIAGNÓSTICA,247,5,14.0,B,M,2022-01-01 00:00:00,2022-12-31 00:00:00,2022-02-02 00:00:00,332.0,False
182,425,,INGLÊS,4.5,DIAGNOSTICA 2,281,4,17.0,R,F,2022-01-01 00:00:00,2022-12-31 00:00:00,2022-03-04 00:00:00,302.0,False
227,415,,PORTUGUÊS,7.0,1º SEMESTRE,237,2,14.0,P,F,2022-01-01 00:00:00,2022-12-31 00:00:00,2022-01-21 00:00:00,344.0,False
192,170,,MATEMÁTICA,1.0,DIAGNOSTICA 2,239,4,15.0,B,M,2022-01-01 00:00:00,2022-12-31 00:00:00,2022-01-20 00:00:00,345.0,False
280,242,,INGLÊS,4.5,MÉDIA DIAGNÓSTICA,247,5,14.0,B,M,2022-01-01 00:00:00,2022-12-31 00:00:00,2022-01-18 00:00:00,347.0,False
308,183,,MATEMÁTICA,7.0,MÉDIA DIAGNÓSTICA,241,5,12.0,R,F,2022-01-01 00:00:00,2022-12-31 00:00:00,2022-02-03 00:00:00,331.0,False
333,186,,INGLÊS,3.0,DIAGNOSTICA 2,245,4,15.0,R,M,2022-01-01 00:00:00,2022-12-31 00:00:00,2022-01-18 00:00:00,347.0,False
143,207,,MATEMÁTICA,5.0,DIAGNOSTICA 1,248,1,17.0,R,M,2022-01-01 00:00:00,2022-12-31 00:00:00,2022-01-21 00:00:00,344.0,False
167,202,,PORTUGUÊS,6.0,2º SEMESTRE,256,3,18.0,B,F,2022-01-01 00:00:00,2022-12-31 00:00:00,2022-01-20 00:00:00,345.0,False
159,289,,INGLÊS,0.0,DIAGNOSTICA 1,278,1,18.0,B,M,2022-01-01 00:00:00,2022-12-31 00:00:00,2022-02-27 00:00:00,307.0,False
293,177,,MATEMÁTICA,8.0,MÉDIA ANUAL,240,6,13.0,B,M,2022-01-01 00:00:00,2022-12-31 00:00:00,2022-01-18 00:00:00,347.0,False
125,208,,PORTUGUÊS,5.0,DIAGNOSTICA 2,263,4,18.0,B,F,2022-01-01 00:00:00,2022-12-31 00:00:00,2022-01-21 00:00:00,344.0,False
330,190,,PORTUGUÊS,6.5,2º SEMESTRE,244,3,16.0,B,M,2022-01-01 00:00:00,2022-12-31 00:00:00,2022-01-18 00:00:00,347.0,False
272,194,,INGLÊS,1.5,MÉDIA ANUAL,246,6,15.0,B,M,2022-01-01 00:00:00,2022-12-31 00:00:00,2022-07-23 13:41:00,160.0,False
99,278,,INGLÊS,6.0,DIAGNOSTICA 2,281,4,19.0,R,F,2022-01-01 00:00:00,2022-12-31 00:00:00,2022-02-27 00:00:00,307.0,False
357,207,,MATEMÁTICA,9.0,2º SEMESTRE,250,3,16.0,B,M,2022-01-01 00:00:00,2022-12-31 00:00:00,2022-01-21 00:00:00,344.0,False
346,186,,PORTUGUÊS,8.0,1º SEMESTRE,243,2,14.0,R,F,2022-01-01 00:00:00,2022-12-31 00:00:00,2022-01-18 00:00:00,347.0,False
304,256,,MATEMÁTICA,4.0,DIAGNOSTICA 1,242,1,15.0,B,F,2022-01-01 00:00:00,2022-12-31 00:00:00,2022-01-19 00:00:00,346.0,False
167,202,,INGLÊS,5.0,1º SEMESTRE,255,2,18.0,B,F,2022-01-01 00:00:00,2022-12-31 00:00:00,2022-01-20 00:00:00,345.0,False
182,266,,INGLÊS,4.5,DIAGNOSTICA 2,251,4,17.0,R,F,2022-01-01 00:00:00,2022-12-31 00:00:00,2022-01-20 00:00:00,345.0,False
336,174,,MATEMÁTICA,4.0,2º SEMESTRE,238,3,14.0,B,F,2022-01-01 00:00:00,2022-12-31 00:00:00,2022-02-10 00:00:00,324.0,False
305,273,,INGLÊS,7.0,DIAGNOSTICA 1,278,1,17.0,R,M,2022-01-01 00:00:00,2022-12-31 00:00:00,2022-02-24 00:00:00,310.0,False
27,303,,INGLÊS,4.5,MÉDIA DIAGNÓSTICA,283,5,19.0,R,M,2022-01-01 00:00:00,2022-12-31 00:00:00,2022-02-28 00:00:00,306.0,False
97,286,,INGLÊS,0.0,2º SEMESTRE,280,3,17.0,R,F,2022-01-01 00:00:00,2022-12-31 00:00:00,2022-04-05 00:00:00,270.0,False
239,180,Conhecimento acima da fase atual,PORTUGUÊS,4.0,DIAGNOSTICA 1,236,1,16.0,B,M,2022-01-01 00:00:00,2022-07-23 19:03:00,2022-01-21 00:00:00,183.0,True
290,203,,INGLÊS,9.0,1º SEMESTRE,249,2,16.0,B,F,2022-01-01 00:00:00,2022-12-31 00:00:00,2022-02-03 00:00:00,331.0,False
128,208,,PORTUGUÊS,4.5,DIAGNOSTICA 2,263,4,19.0,P,F,2022-01-01 00:00:00,2022-12-31 00:00:00,2022-01-19 00:00:00,346.0,False
196,169,,MATEMÁTICA,3.0,MÉDIA DIAGNÓSTICA,241,5,14.0,R,M,2022-01-01 00:00:00,2022-12-31 00:00:00,2022-01-20 00:00:00,345.0,False
232,281,,INGLÊS,7.0,MÉDIA DIAGNÓSTICA,283,5,14.0,B,M,2022-01-01 00:00:00,2022-12-31 00:00:00,2022-02-25 00:00:00,309.0,False
297,189,,MATEMÁTICA,8.0,1º SEMESTRE,243,2,15.0,B,M,2022-01-01 00:00:00,2022-12-31 00:00:00,2022-01-18 00:00:00,347.0,False
111,208,,INGLÊS,9.5,MÉDIA ANUAL,264,6,19.0,B,F,2022-01-01 00:00:00,2022-12-31 00:00:00,2022-01-20 00:00:00,345.0,False
146,234,,INGLÊS,6.5,DIAGNOSTICA 2,281,4,19.0,B,M,2022-01-01 00:00:00,2022-12-31 00:00:00,2022-02-27 00:00:00,307.0,False
277,186,,INGLÊS,0.0,DIAGNOSTICA 2,245,4,15.0,B,F,2022-01-01 00:00:00,2022-12-31 00:00:00,2022-07-23 14:17:00,160.0,False
263,194,,INGLÊS,5.0,DIAGNOSTICA 2,245,4,14.0,R,M,2022-01-01 00:00:00,2022-12-31 00:00:00,2022-01-21 00:00:00,344.0,False
181,273,,INGLÊS,3.5,MÉDIA DIAGNÓSTICA,283,5,17.0,R,F,2022-01-01 00:00:00,2022-12-31 00:00:00,2022-02-27 00:00:00,307.0,False
273,181,,MATEMÁTICA,5.5,DIAGNOSTICA 2,239,4,15.0,R,M,2022-01-01 00:00:00,2022-12-31 00:00:00,2022-01-21 00:00:00,344.0,False
307,203,,MATEMÁTICA,5.0,DIAGNOSTICA 1,248,1,16.0,R,F,2022-01-01 00:00:00,2022-12-31 00:00:00,2022-01-20 00:00:00,345.0,False
29,300,,INGLÊS,9.0,MÉDIA ANUAL,282,6,19.0,R,M,2022-01-01 00:00:00,2022-12-31 00:00:00,2022-02-27 00:00:00,307.0,False
26,303,,INGLÊS,4.5,DIAGNOSTICA 1,278,1,19.0,B,F,2022-01-01 00:00:00,2022-12-31 00:00:00,2022-02-28 00:00:00,306.0,False
32,286,,INGLÊS,9.5,2º SEMESTRE,280,3,19.0,B,F,2022-01-01 00:00:00,2022-12-31 00:00:00,2022-02-27 00:00:00,307.0,False
164,203,,MATEMÁTICA,7.5,MÉDIA ANUAL,252,6,17.0,P,M,2022-01-01 00:00:00,2022-12-31 00:00:00,2022-01-20 00:00:00,345.0,False
159,243,,MATEMÁTICA,5.5,MÉDIA DIAGNÓSTICA,253,5,18.0,B,M,2022-01-01 00:00:00,2022-12-31 00:00:00,2022-01-18 00:00:00,347.0,False
347,249,,PORTUGUÊS,6.0,1º SEMESTRE,249,2,16.0,R,F,2022-01-01 00:00:00,2022-12-31 00:00:00,2022-01-19 00:00:00,346.0,False
334,190,,INGLÊS,0.0,MÉDIA DIAGNÓSTICA,247,5,16.0,B,F,2022-01-01 00:00:00,2022-12-31 00:00:00,2022-01-18 00:00:00,347.0,False
154,409,,PORTUGUÊS,3.5,MÉDIA ANUAL,258,6,17.0,B,F,2022-01-01 00:00:00,2022-12-31 00:00:00,2022-01-21 00:00:00,344.0,False
199,186,,PORTUGUÊS,6.5,1º SEMESTRE,243,2,14.0,B,M,2022-01-01 00:00:00,2022-12-31 00:00:00,2022-01-20 00:00:00,345.0,False
3,210,,MATEMÁTICA,6.5,MÉDIA ANUAL,270,6,19.0,R,F,2022-01-01 00:00:00,2022-12-31 00:00:00,2022-01-20 00:00:00,345.0,False
243,199,,PORTUGUÊS,7.0,DIAGNOSTICA 1,254,1,17.0,B,M,2022-01-01 00:00:00,2022-12-31 00:00:00,2022-01-20 00:00:00,345.0,False
109,208,,PORTUGUÊS,7.5,MÉDIA DIAGNÓSTICA,265,5,19.0,B,F,2022-01-01 00:00:00,2022-12-31 00:00:00,2022-01-20 00:00:00,345.0,False
96,208,,PORTUGUÊS,7.0,DIAGNOSTICA 1,260,1,19.0,B,F,2022-01-01 00:00:00,2022-12-31 00:00:00,2022-01-20 00:00:00,345.0,False
311,207,,PORTUGUÊS,4.0,DIAGNOSTICA 1,248,1,16.0,B,F,2022-01-01 00:00:00,2022-12-31 00:00:00,2022-01-21 00:00:00,344.0,False
32,286,,INGLÊS,10.0,MÉDIA ANUAL,282,6,19.0,B,F,2022-01-01 00:00:00,2022-12-31 00:00:00,2022-02-27 00:00:00,307.0,False
327,177,,PORTUGUÊS,0.0,DIAGNOSTICA 1,236,1,15.0,R,M,2022-01-01 00:00:00,2022-12-31 00:00:00,2022-01-18 00:00:00,347.0,False
312,190,,INGLÊS,0.0,DIAGNOSTICA 2,245,4,13.0,R,F,2022-01-01 00:00:00,2022-12-31 00:00:00,2022-01-18 00:00:00,347.0,False
192,170,,MATEMÁTICA,0.0,DIAGNOSTICA 1,236,1,15.0,B,M,2022-01-01 00:00:00,2022-12-31 00:00:00,2022-01-20 00:00:00,345.0,False
120,278,,INGLÊS,5.0,MÉDIA DIAGNÓSTICA,283,5,18.0,R,F,2022-01-01 00:00:00,2022-12-31 00:00:00,2022-02-27 00:00:00,307.0,False
235,415,,MATEMÁTICA,2.5,MÉDIA DIAGNÓSTICA,241,5,13.0,R,F,2022-03-24 00:00:00,2022-12-31 00:00:00,2022-01-21 00:00:00,344.0,False
116,200,,MATEMÁTICA,0.0,DIAGNOSTICA 2,257,4,18.0,B,M,2022-01-01 00:00:00,2022-12-31 00:00:00,2022-01-18 00:00:00,347.0,False
278,169,,MATEMÁTICA,4.0,MÉDIA ANUAL,240,6,14.0,B,M,2022-01-01 00:00:00,2022-12-31 00:00:00,2022-02-03 00:00:00,331.0,False
96,208,,MATEMÁTICA,7.5,DIAGNOSTICA 2,263,4,19.0,B,F,2022-01-01 00:00:00,2022-12-31 00:00:00,2022-01-20 00:00:00,345.0,False
240,194,,MATEMÁTICA,4.0,MÉDIA ANUAL,246,6,15.0,R,M,2022-01-01 00:00:00,2022-12-31 00:00:00,2022-07-23 13:39:00,160.0,False
279,276,Falta de retorno as nossas tentativas de contato,INGLÊS,3.0,DIAGNOSTICA 1,278,1,17.0,R,M,2022-01-01 00:00:00,2022-08-31 19:01:00,2022-02-24 00:00:00,188.0,True
240,180,Conhecimento acima da fase atual,PORTUGUÊS,0.0,DIAGNOSTICA 1,236,1,15.0,R,M,2022-01-01 00:00:00,2022-07-23 19:04:00,2022-01-21 00:00:00,183.0,True
91,200,,INGLÊS,6.0,DIAGNOSTICA 1,254,1,18.0,P,F,2022-01-01 00:00:00,2022-12-31 00:00:00,2022-01-18 00:00:00,347.0,False
183,273,Outras prioridades/trabalho,INGLÊS,7.0,1º SEMESTRE,279,2,14.0,B,M,2022-01-01 00:00:00,2022-08-10 12:16:00,2022-02-24 00:00:00,167.0,True
167,274,,INGLÊS,6.5,DIAGNOSTICA 2,281,4,18.0,B,F,2022-01-01 00:00:00,2022-12-31 00:00:00,2022-02-27 00:00:00,307.0,False
173,425,Mudou de bairro/cidade/distância,INGLÊS,4.0,DIAGNOSTICA 1,278,1,17.0,B,F,2022-01-01 00:00:00,2022-06-13 00:00:00,2022-02-27 00:00:00,106.0,True
116,286,,INGLÊS,0.0,DIAGNOSTICA 1,278,1,18.0,B,M,2022-01-01 00:00:00,2022-12-31 00:00:00,2022-02-27 00:00:00,307.0,False
186,273,,INGLÊS,4.0,MÉDIA DIAGNÓSTICA,283,5,13.0,R,M,2022-01-01 00:00:00,2022-12-31 00:00:00,2022-02-24 00:00:00,310.0,False
210,277,,INGLÊS,0.0,1º SEMESTRE,279,2,15.0,B,F,2022-01-01 00:00:00,2022-12-31 00:00:00,2022-05-27 00:00:00,218.0,False
159,243,,MATEMÁTICA,4.0,MÉDIA ANUAL,252,6,18.0,B,M,2022-01-01 00:00:00,2022-12-31 00:00:00,2022-01-18 00:00:00,347.0,False
321,242,,PORTUGUÊS,3.0,DIAGNOSTICA 1,242,1,17.0,B,F,2022-01-01 00:00:00,2022-12-31 00:00:00,2022-01-18 00:00:00,347.0,False
154,283,,INGLÊS,2.0,DIAGNOSTICA 1,278,1,17.0,B,F,2022-01-01 00:00:00,2022-12-31 00:00:00,2022-03-02 00:00:00,304.0,False
267,277,,INGLÊS,0.0,1º SEMESTRE,279,2,13.0,B,F,2022-01-01 00:00:00,2022-12-31 00:00:00,2022-07-23 20:04:00,160.0,False
348,183,,MATEMÁTICA,8.5,MÉDIA ANUAL,240,6,15.0,B,F,2022-01-01 00:00:00,2022-12-31 00:00:00,2022-06-01 00:00:00,213.0,False
155,425,,INGLÊS,7.5,2º SEMESTRE,280,3,17.0,P,M,2022-01-01 00:00:00,2022-12-31 00:00:00,2022-02-27 00:00:00,307.0,False
165,199,,MATEMÁTICA,3.0,DIAGNOSTICA 1,254,1,15.0,R,M,2022-01-01 00:00:00,2022-12-31 00:00:00,2022-01-21 00:00:00,344.0,False
108,208,,MATEMÁTICA,5.0,MÉDIA DIAGNÓSTICA,265,5,18.0,R,F,2022-01-01 00:00:00,2022-12-31 00:00:00,2022-01-20 00:00:00,345.0,False
356,283,,INGLÊS,3.5,MÉDIA DIAGNÓSTICA,283,5,16.0,B,F,2022-01-01 00:00:00,2022-12-31 00:00:00,2022-02-25 00:00:00,309.0,False
211,247,,MATEMÁTICA,10.0,DIAGNOSTICA 2,239,4,14.0,R,M,2022-01-01 00:00:00,2022-12-31 00:00:00,2022-01-19 00:00:00,346.0,False
243,199,,PORTUGUÊS,7.5,2º SEMESTRE,256,3,17.0,B,M,2022-01-01 00:00:00,2022-12-31 00:00:00,2022-01-20 00:00:00,345.0,False
230,180,,MATEMÁTICA,1.0,2º SEMESTRE,238,3,13.0,R,F,2022-01-01 00:00:00,2022-12-31 00:00:00,2022-01-20 00:00:00,345.0,False
195,183,,PORTUGUÊS,8.0,MÉDIA ANUAL,240,6,15.0,R,F,2022-01-01 00:00:00,2022-12-31 00:00:00,2022-01-19 00:00:00,346.0,False
239,194,,INGLÊS,1.5,MÉDIA ANUAL,246,6,16.0,B,M,2022-01-01 00:00:00,2022-12-31 00:00:00,2022-07-23 13:38:00,160.0,False
335,276,Falta de retorno as nossas tentativas de contato,INGLÊS,0.0,DIAGNOSTICA 1,278,1,14.0,R,M,2022-01-01 00:00:00,2022-06-10 00:00:00,2022-02-25 00:00:00,105.0,True
208,424,,INGLÊS,6.0,PROGRESSÃO,330,7,16.0,B,M,2022-01-01 00:00:00,2022-12-31 00:00:00,2022-02-25 00:00:00,309.0,False
280,242,,MATEMÁTICA,4.0,1º SEMESTRE,243,2,14.0,B,M,2022-01-01 00:00:00,2022-12-31 00:00:00,2022-01-18 00:00:00,347.0,False
188,169,,PORTUGUÊS,9.0,DIAGNOSTICA 1,236,1,13.0,B,F,2022-01-01 00:00:00,2022-12-31 00:00:00,2022-01-20 00:00:00,345.0,False
239,194,,PORTUGUÊS,4.5,MÉDIA ANUAL,246,6,16.0,B,M,2022-01-01 00:00:00,2022-12-31 00:00:00,2022-07-23 13:38:00,160.0,False
325,177,,MATEMÁTICA,2.5,2º SEMESTRE,238,3,15.0,B,M,2022-01-01 00:00:00,2022-12-31 00:00:00,2022-02-03 00:00:00,331.0,False
153,409,,PORTUGUÊS,2.0,DIAGNOSTICA 1,254,1,18.0,B,M,2022-01-01 00:00:00,2022-12-31 00:00:00,2022-02-25 00:00:00,309.0,False
270,256,,MATEMÁTICA,2.5,MÉDIA DIAGNÓSTICA,247,5,16.0,P,M,2022-01-01 00:00:00,2022-12-31 00:00:00,2022-07-23 14:04:00,160.0,False
297,189,,PORTUGUÊS,8.0,1º SEMESTRE,243,2,15.0,B,M,2022-01-01 00:00:00,2022-12-31 00:00:00,2022-01-18 00:00:00,347.0,False
179,266,,MATEMÁTICA,0.0,1º SEMESTRE,249,2,16.0,B,F,2022-01-01 00:00:00,2022-12-31 00:00:00,2022-02-08 00:00:00,326.0,False
141,234,,INGLÊS,8.5,2º SEMESTRE,280,3,16.0,R,F,2022-01-01 00:00:00,2022-12-31 00:00:00,2022-02-27 00:00:00,307.0,False
164,203,,PORTUGUÊS,6.5,DIAGNOSTICA 2,251,4,17.0,P,M,2022-01-01 00:00:00,2022-12-31 00:00:00,2022-01-20 00:00:00,345.0,False
209,256,,INGLÊS,2.5,MÉDIA ANUAL,246,6,15.0,B,F,2022-01-01 00:00:00,2022-12-31 00:00:00,2022-05-27 00:00:00,218.0,False
357,207,,MATEMÁTICA,5.5,MÉDIA DIAGNÓSTICA,253,5,16.0,B,M,2022-01-01 00:00:00,2022-12-31 00:00:00,2022-01-21 00:00:00,344.0,False
273,181,,MATEMÁTICA,2.5,1º SEMESTRE,237,2,15.0,R,M,2022-01-01 00:00:00,2022-12-31 00:00:00,2022-01-21 00:00:00,344.0,False
362,159,Conhecimento acima da fase atual,MATEMÁTICA,4.0,DIAGNOSTICA 1,230,1,13.0,R,M,2022-01-01 00:00:00,2022-05-20 18:37:00,2022-01-20 00:00:00,120.0,True
269,452,,INGLÊS,1.5,MÉDIA ANUAL,282,6,16.0,R,M,2022-01-01 00:00:00,2022-12-31 00:00:00,2022-07-23 18:25:00,160.0,False
202,273,,INGLÊS,4.0,1º SEMESTRE,279,2,14.0,B,M,2022-01-01 00:00:00,2022-12-31 00:00:00,2022-02-24 00:00:00,310.0,False
99,208,,MATEMÁTICA,9.5,MÉDIA ANUAL,264,6,19.0,R,F,2022-01-01 00:00:00,2022-12-31 00:00:00,2022-01-20 00:00:00,345.0,False
240,452,,INGLÊS,0.0,MÉDIA DIAGNÓSTICA,283,5,15.0,R,M,2022-01-01 00:00:00,2022-12-31 00:00:00,2022-07-23 19:33:00,160.0,False
246,185,,MATEMÁTICA,7.5,2º SEMESTRE,244,3,14.0,B,M,2022-01-01 00:00:00,2022-12-31 00:00:00,2022-02-02 00:00:00,332.0,False
213,266,,PORTUGUÊS,7.0,1º SEMESTRE,249,2,16.0,R,M,2022-01-01 00:00:00,2022-12-31 00:00:00,2022-01-20 00:00:00,345.0,False
175,409,Desinteresse / Falta de retorno,MATEMÁTICA,0.0,DIAGNOSTICA 1,254,1,16.0,R,F,2022-04-19 00:00:00,2022-07-03 00:00:00,2022-04-19 00:00:00,75.0,True
338,169,,PORTUGUÊS,5.5,2º SEMESTRE,238,3,14.0,B,F,2022-01-01 00:00:00,2022-12-31 00:00:00,2022-01-20 00:00:00,345.0,False
347,297,,INGLÊS,3.0,DIAGNOSTICA 1,278,1,16.0,R,F,2022-01-01 00:00:00,2022-12-31 00:00:00,2022-02-27 00:00:00,307.0,False
246,185,,MATEMÁTICA,7.0,DIAGNOSTICA 2,245,4,14.0,B,M,2022-01-01 00:00:00,2022-12-31 00:00:00,2022-02-02 00:00:00,332.0,False
324,188,,MATEMÁTICA,7.5,2º SEMESTRE,244,3,16.0,B,F,2022-01-01 00:00:00,2022-12-31 00:00:00,2022-02-02 00:00:00,332.0,False
229,180,,MATEMÁTICA,7.0,2º SEMESTRE,238,3,13.0,R,F,2022-01-01 00:00:00,2022-12-31 00:00:00,2022-01-21 00:00:00,344.0,False
111,300,,INGLÊS,9.0,1º SEMESTRE,279,2,19.0,B,F,2022-01-01 00:00:00,2022-12-31 00:00:00,2022-02-27 00:00:00,307.0,False
8,303,,INGLÊS,0.0,DIAGNOSTICA 2,281,4,22.0,B,F,2022-01-01 00:00:00,2022-12-31 00:00:00,2022-07-25 17:05:00,158.0,False
109,208,,INGLÊS,8.0,MÉDIA DIAGNÓSTICA,265,5,19.0,B,F,2022-01-01 00:00:00,2022-12-31 00:00:00,2022-01-20 00:00:00,345.0,False
300,179,,MATEMÁTICA,0.0,DIAGNOSTICA 1,236,1,15.0,R,M,2022-01-01 00:00:00,2022-12-31 00:00:00,2022-02-03 00:00:00,331.0,False
188,169,,PORTUGUÊS,9.0,MÉDIA ANUAL,240,6,13.0,B,F,2022-01-01 00:00:00,2022-12-31 00:00:00,2022-01-20 00:00:00,345.0,False
329,190,,MATEMÁTICA,0.0,MÉDIA DIAGNÓSTICA,247,5,16.0,R,M,2022-01-01 00:00:00,2022-12-31 00:00:00,2022-01-18 00:00:00,347.0,False
126,208,,MATEMÁTICA,4.0,1º SEMESTRE,261,2,19.0,R,M,2022-01-01 00:00:00,2022-12-31 00:00:00,2022-01-21 00:00:00,344.0,False
233,277,,INGLÊS,5.0,DIAGNOSTICA 1,278,1,15.0,B,F,2022-01-01 00:00:00,2022-12-31 00:00:00,2022-03-04 00:00:00,302.0,False
4,211,,INGLÊS,0.0,1º SEMESTRE,267,2,19.0,B,F,2022-01-01 00:00:00,2022-12-31 00:00:00,2022-01-20 00:00:00,345.0,False
289,188,,PORTUGUÊS,8.0,MÉDIA ANUAL,246,6,15.0,B,F,2022-01-01 00:00:00,2022-12-31 00:00:00,2022-01-18 00:00:00,347.0,False
297,189,,MATEMÁTICA,8.5,MÉDIA ANUAL,246,6,15.0,B,M,2022-01-01 00:00:00,2022-12-31 00:00:00,2022-01-18 00:00:00,347.0,False
235,415,,PORTUGUÊS,9.5,2º SEMESTRE,238,3,13.0,R,F,2022-03-24 00:00:00,2022-12-31 00:00:00,2022-01-21 00:00:00,344.0,False
290,203,,MATEMÁTICA,9.0,DIAGNOSTICA 2,251,4,16.0,B,F,2022-01-01 00:00:00,2022-12-31 00:00:00,2022-02-03 00:00:00,331.0,False
32,208,,INGLÊS,10.0,MÉDIA ANUAL,264,6,19.0,B,F,2022-01-01 00:00:00,2022-12-31 00:00:00,2022-01-18 00:00:00,347.0,False
32,286,,INGLÊS,2.5,MÉDIA DIAGNÓSTICA,283,5,19.0,B,F,2022-01-01 00:00:00,2022-12-31 00:00:00,2022-02-27 00:00:00,307.0,False
254,409,Falta de retorno as nossas tentativas de contato,INGLÊS,5.5,DIAGNOSTICA 1,254,1,19.0,R,F,2022-01-01 00:00:00,2022-10-04 15:36:00,2022-01-20 00:00:00,257.0,True
347,249,,INGLÊS,3.0,DIAGNOSTICA 1,248,1,16.0,R,F,2022-01-01 00:00:00,2022-12-31 00:00:00,2022-01-19 00:00:00,346.0,False
204,185,,INGLÊS,7.0,2º SEMESTRE,244,3,15.0,B,F,2022-01-01 00:00:00,2022-12-31 00:00:00,2022-01-20 00:00:00,345.0,False
24,210,,MATEMÁTICA,0.5,MÉDIA ANUAL,270,6,19.0,R,F,2022-01-01 00:00:00,2022-12-31 00:00:00,2022-02-18 00:00:00,316.0,False
348,183,,PORTUGUÊS,9.0,DIAGNOSTICA 2,239,4,15.0,B,F,2022-01-01 00:00:00,2022-12-31 00:00:00,2022-06-01 00:00:00,213.0,False
321,242,,INGLÊS,2.5,MÉDIA ANUAL,246,6,17.0,B,F,2022-01-01 00:00:00,2022-12-31 00:00:00,2022-01-18 00:00:00,347.0,False
136,255,,PORTUGUÊS,5.5,MÉDIA ANUAL,258,6,16.0,B,F,2022-01-01 00:00:00,2022-12-31 00:00:00,2022-02-03 00:00:00,331.0,False
125,278,,INGLÊS,9.0,2º SEMESTRE,280,3,18.0,B,F,2022-01-01 00:00:00,2022-12-31 00:00:00,2022-02-27 00:00:00,307.0,False
293,177,,PORTUGUÊS,8.0,MÉDIA DIAGNÓSTICA,241,5,13.0,B,M,2022-01-01 00:00:00,2022-12-31 00:00:00,2022-01-18 00:00:00,347.0,False
97,211,,INGLÊS,0.0,DIAGNOSTICA 1,266,1,17.0,R,F,2022-01-01 00:00:00,2022-12-31 00:00:00,2022-01-20 00:00:00,345.0,False
207,185,,INGLÊS,1.5,MÉDIA ANUAL,246,6,15.0,P,M,2022-01-01 00:00:00,2022-12-31 00:00:00,2022-01-20 00:00:00,345.0,False
237,179,Mudou de bairro/cidade/distância,PORTUGUÊS,0.0,1º SEMESTRE,237,2,15.0,B,F,2022-01-01 00:00:00,2022-09-06 19:23:00,2022-01-21 00:00:00,228.0,True
30,210,,PORTUGUÊS,6.5,MÉDIA ANUAL,270,6,19.0,R,F,2022-01-01 00:00:00,2022-12-31 00:00:00,2022-01-18 00:00:00,347.0,False
99,208,,INGLÊS,7.0,1º SEMESTRE,261,2,19.0,R,F,2022-01-01 00:00:00,2022-12-31 00:00:00,2022-01-20 00:00:00,345.0,False
202,186,,MATEMÁTICA,7.0,MÉDIA DIAGNÓSTICA,247,5,14.0,B,M,2022-01-01 00:00:00,2022-12-31 00:00:00,2022-01-20 00:00:00,345.0,False
154,409,,PORTUGUÊS,2.0,2º SEMESTRE,256,3,17.0,B,F,2022-01-01 00:00:00,2022-12-31 00:00:00,2022-01-21 00:00:00,344.0,False
167,202,,INGLÊS,5.0,MÉDIA DIAGNÓSTICA,259,5,18.0,B,F,2022-01-01 00:00:00,2022-12-31 00:00:00,2022-01-20 00:00:00,345.0,False
25,210,,PORTUGUÊS,0.0,DIAGNOSTICA 1,266,1,20.0,P,F,2022-01-01 00:00:00,2022-12-31 00:00:00,2022-01-20 00:00:00,345.0,False
344,174,,PORTUGUÊS,8.0,MÉDIA ANUAL,240,6,14.0,B,F,2022-01-01 00:00:00,2022-12-31 00:00:00,2022-01-20 00:00:00,345.0,False
165,199,,PORTUGUÊS,6.0,DIAGNOSTICA 1,254,1,15.0,R,M,2022-01-01 00:00:00,2022-12-31 00:00:00,2022-01-21 00:00:00,344.0,False
289,188,,PORTUGUÊS,6.0,DIAGNOSTICA 1,242,1,15.0,B,F,2022-01-01 00:00:00,2022-12-31 00:00:00,2022-01-18 00:00:00,347.0,False
326,177,,MATEMÁTICA,4.0,DIAGNOSTICA 1,236,1,15.0,R,M,2022-01-01 00:00:00,2022-12-31 00:00:00,2022-01-18 00:00:00,347.0,False
158,201,,INGLÊS,4.5,1º SEMESTRE,255,2,18.0,B,M,2022-01-01 00:00:00,2022-12-31 00:00:00,2022-01-21 00:00:00,344.0,False
3,210,,MATEMÁTICA,5.5,MÉDIA DIAGNÓSTICA,271,5,19.0,R,F,2022-01-01 00:00:00,2022-12-31 00:00:00,2022-01-20 00:00:00,345.0,False
310,194,,PORTUGUÊS,8.0,2º SEMESTRE,244,3,15.0,R,F,2022-01-01 00:00:00,2022-12-31 00:00:00,2022-01-19 00:00:00,346.0,False
305,186,,INGLÊS,4.0,MÉDIA ANUAL,246,6,17.0,R,M,2022-01-01 00:00:00,2022-12-31 00:00:00,2022-01-20 00:00:00,345.0,False
222,185,,INGLÊS,6.0,2º SEMESTRE,244,3,14.0,R,F,2022-01-01 00:00:00,2022-12-31 00:00:00,2022-01-20 00:00:00,345.0,False
156,234,,INGLÊS,6.5,DIAGNOSTICA 1,278,1,16.0,B,M,2022-01-01 00:00:00,2022-12-31 00:00:00,2022-02-27 00:00:00,307.0,False
364,159,,PORTUGUÊS,6.0,1º SEMESTRE,231,2,12.0,R,M,2022-01-01 00:00:00,2022-12-31 00:00:00,2022-01-20 00:00:00,345.0,False
109,208,,PORTUGUÊS,7.5,DIAGNOSTICA 1,260,1,19.0,B,F,2022-01-01 00:00:00,2022-12-31 00:00:00,2022-01-20 00:00:00,345.0,False
133,234,,INGLÊS,7.5,DIAGNOSTICA 2,281,4,16.0,B,F,2022-01-01 00:00:00,2022-12-31 00:00:00,2022-02-27 00:00:00,307.0,False
336,174,,PORTUGUÊS,9.5,MÉDIA ANUAL,240,6,14.0,B,F,2022-01-01 00:00:00,2022-12-31 00:00:00,2022-02-10 00:00:00,324.0,False
142,207,,INGLÊS,3.5,DIAGNOSTICA 1,248,1,16.0,B,F,2022-01-01 00:00:00,2022-12-31 00:00:00,2022-01-21 00:00:00,344.0,False
144,202,Outras prioridades/trabalho,INGLÊS,1.5,1º SEMESTRE,255,2,21.0,B,F,2022-01-01 00:00:00,2022-10-11 20:41:00,2022-02-14 00:00:00,239.0,True
339,177,,MATEMÁTICA,7.5,2º SEMESTRE,238,3,14.0,A,F,2022-01-01 00:00:00,2022-12-31 00:00:00,2022-01-18 00:00:00,347.0,False
297,291,,INGLÊS,9.0,1º SEMESTRE,279,2,15.0,B,M,2022-01-01 00:00:00,2022-12-31 00:00:00,2022-02-25 00:00:00,309.0,False
304,256,,PORTUGUÊS,7.0,MÉDIA ANUAL,246,6,15.0,B,F,2022-01-01 00:00:00,2022-12-31 00:00:00,2022-01-19 00:00:00,346.0,False
334,190,,MATEMÁTICA,6.0,DIAGNOSTICA 2,245,4,16.0,B,F,2022-01-01 00:00:00,2022-12-31 00:00:00,2022-01-18 00:00:00,347.0,False
155,425,,INGLÊS,5.0,DIAGNOSTICA 1,278,1,17.0,P,M,2022-01-01 00:00:00,2022-12-31 00:00:00,2022-02-27 00:00:00,307.0,False
252,201,,INGLÊS,9.0,MÉDIA ANUAL,258,6,17.0,R,F,2022-01-01 00:00:00,2022-12-31 00:00:00,2022-01-21 00:00:00,344.0,False
223,180,,MATEMÁTICA,7.0,DIAGNOSTICA 2,239,4,14.0,B,F,2022-01-01 00:00:00,2022-12-31 00:00:00,2022-01-21 00:00:00,344.0,False
162,205,,MATEMÁTICA,0.0,DIAGNOSTICA 1,248,1,18.0,R,F,2022-01-01 00:00:00,2022-12-31 00:00:00,2022-03-09 00:00:00,297.0,False
122,208,,MATEMÁTICA,9.0,MÉDIA ANUAL,264,6,19.0,B,F,2022-01-01 00:00:00,2022-12-31 00:00:00,2022-01-21 00:00:00,344.0,False
120,208,,INGLÊS,8.0,MÉDIA ANUAL,264,6,18.0,R,F,2022-01-01 00:00:00,2022-12-31 00:00:00,2022-01-18 00:00:00,347.0,False
165,199,,PORTUGUÊS,5.0,MÉDIA DIAGNÓSTICA,259,5,15.0,R,M,2022-01-01 00:00:00,2022-12-31 00:00:00,2022-01-21 00:00:00,344.0,False
29,210,,PORTUGUÊS,6.5,2º SEMESTRE,268,3,19.0,R,M,2022-01-01 00:00:00,2022-12-31 00:00:00,2022-01-18 00:00:00,347.0,False
104,199,,PORTUGUÊS,7.5,1º SEMESTRE,255,2,17.0,R,M,2022-01-01 00:00:00,2022-12-31 00:00:00,2022-01-20 00:00:00,345.0,False
305,186,,MATEMÁTICA,6.0,DIAGNOSTICA 2,245,4,17.0,R,M,2022-01-01 00:00:00,2022-12-31 00:00:00,2022-01-20 00:00:00,345.0,False
148,211,,INGLÊS,5.0,MÉDIA ANUAL,270,6,17.0,B,F,2022-01-01 00:00:00,2022-12-31 00:00:00,2022-02-02 00:00:00,332.0,False
331,177,,PORTUGUÊS,9.0,DIAGNOSTICA 2,239,4,14.0,B,M,2022-01-01 00:00:00,2022-12-31 00:00:00,2022-01-18 00:00:00,347.0,False
292,185,,MATEMÁTICA,8.5,MÉDIA ANUAL,246,6,15.0,A,M,2022-01-01 00:00:00,2022-12-31 00:00:00,2022-01-20 00:00:00,345.0,False
340,177,,MATEMÁTICA,2.0,DIAGNOSTICA 2,239,4,16.0,P,F,2022-01-01 00:00:00,2022-12-31 00:00:00,2022-01-20 00:00:00,345.0,False
213,266,,PORTUGUÊS,7.0,MÉDIA ANUAL,252,6,16.0,R,M,2022-01-01 00:00:00,2022-12-31 00:00:00,2022-01-20 00:00:00,345.0,False
340,177,,MATEMÁTICA,0.5,2º SEMESTRE,238,3,16.0,P,F,2022-01-01 00:00:00,2022-12-31 00:00:00,2022-01-20 00:00:00,345.0,False
156,255,,PORTUGUÊS,0.0,DIAGNOSTICA 2,257,4,16.0,B,M,2022-01-01 00:00:00,2022-12-31 00:00:00,2022-01-21 00:00:00,344.0,False
228,180,,MATEMÁTICA,6.5,MÉDIA ANUAL,240,6,13.0,R,M,2022-01-01 00:00:00,2022-12-31 00:00:00,2022-01-21 00:00:00,344.0,False
163,205,,INGLÊS,3.0,MÉDIA DIAGNÓSTICA,253,5,18.0,R,F,2022-01-01 00:00:00,2022-12-31 00:00:00,2022-01-18 00:00:00,347.0,False
159,243,,PORTUGUÊS,4.5,1º SEMESTRE,249,2,18.0,B,M,2022-01-01 00:00:00,2022-12-31 00:00:00,2022-01-18 00:00:00,347.0,False
322,276,,INGLÊS,3.0,DIAGNOSTICA 2,281,4,16.0,R,M,2022-01-01 00:00:00,2022-12-31 00:00:00,2022-02-25 00:00:00,309.0,False
221,188,,INGLÊS,0.0,DIAGNOSTICA 1,242,1,16.0,B,F,2022-01-01 00:00:00,2022-12-31 00:00:00,2022-01-20 00:00:00,345.0,False
177,409,Falta de retorno as nossas tentativas de contato,PORTUGUÊS,2.0,DIAGNOSTICA 1,254,1,16.0,B,F,2022-01-01 00:00:00,2022-07-29 00:00:00,2022-05-06 00:00:00,84.0,True
317,189,,MATEMÁTICA,0.0,DIAGNOSTICA 1,242,1,14.0,R,F,2022-01-01 00:00:00,2022-12-31 00:00:00,2022-03-07 00:00:00,299.0,False
304,281,,INGLÊS,4.5,DIAGNOSTICA 1,278,1,15.0,B,F,2022-01-01 00:00:00,2022-12-31 00:00:00,2022-02-25 00:00:00,309.0,False
334,276,,INGLÊS,0.0,MÉDIA DIAGNÓSTICA,283,5,16.0,B,F,2022-01-01 00:00:00,2022-12-31 00:00:00,2022-02-25 00:00:00,309.0,False
232,281,,INGLÊS,6.5,DIAGNOSTICA 1,278,1,14.0,B,M,2022-01-01 00:00:00,2022-12-31 00:00:00,2022-02-25 00:00:00,309.0,False
143,234,,INGLÊS,2.5,MÉDIA ANUAL,282,6,17.0,R,M,2022-01-01 00:00:00,2022-12-31 00:00:00,2022-02-27 00:00:00,307.0,False
136,255,,MATEMÁTICA,5.5,MÉDIA DIAGNÓSTICA,259,5,16.0,B,F,2022-01-01 00:00:00,2022-12-31 00:00:00,2022-02-03 00:00:00,331.0,False
341,190,,PORTUGUÊS,5.0,2º SEMESTRE,244,3,14.0,P,F,2022-01-01 00:00:00,2022-12-31 00:00:00,2022-01-18 00:00:00,347.0,False
21,210,,MATEMÁTICA,3.0,2º SEMESTRE,268,3,19.0,R,M,2022-01-01 00:00:00,2022-12-31 00:00:00,2022-01-20 00:00:00,345.0,False
212,183,Não se adaptou as aulas/não acompanhou,MATEMÁTICA,0.0,1º SEMESTRE,237,2,17.0,B,M,2022-01-01 00:00:00,2022-08-24 19:20:00,2022-01-19 00:00:00,217.0,True
101,208,,PORTUGUÊS,6.0,DIAGNOSTICA 1,260,1,18.0,R,M,2022-01-01 00:00:00,2022-12-31 00:00:00,2022-01-20 00:00:00,345.0,False
179,266,,INGLÊS,2.5,2º SEMESTRE,250,3,16.0,B,F,2022-01-01 00:00:00,2022-12-31 00:00:00,2022-02-08 00:00:00,326.0,False
108,208,,PORTUGUÊS,6.5,MÉDIA DIAGNÓSTICA,265,5,18.0,R,F,2022-01-01 00:00:00,2022-12-31 00:00:00,2022-01-20 00:00:00,345.0,False
233,277,,INGLÊS,9.0,MÉDIA ANUAL,282,6,15.0,B,F,2022-01-01 00:00:00,2022-12-31 00:00:00,2022-03-04 00:00:00,302.0,False
164,203,,MATEMÁTICA,7.5,DIAGNOSTICA 2,251,4,17.0,P,M,2022-01-01 00:00:00,2022-12-31 00:00:00,2022-01-20 00:00:00,345.0,False
363,170,,PORTUGUÊS,0.0,DIAGNOSTICA 1,236,1,13.0,R,M,2022-01-01 00:00:00,2022-12-31 00:00:00,2022-07-23 12:13:00,160.0,False
332,276,,INGLÊS,1.0,MÉDIA DIAGNÓSTICA,283,5,16.0,R,M,2022-01-01 00:00:00,2022-12-31 00:00:00,2022-02-25 00:00:00,309.0,False
267,256,,MATEMÁTICA,9.5,MÉDIA DIAGNÓSTICA,247,5,13.0,B,F,2022-01-01 00:00:00,2022-12-31 00:00:00,2022-07-23 14:08:00,160.0,False
360,159,,MATEMÁTICA,1.0,MÉDIA DIAGNÓSTICA,235,5,12.0,R,F,2022-01-01 00:00:00,2022-12-31 00:00:00,2022-02-03 00:00:00,331.0,False
167,202,,MATEMÁTICA,5.5,DIAGNOSTICA 2,257,4,18.0,B,F,2022-01-01 00:00:00,2022-12-31 00:00:00,2022-01-20 00:00:00,345.0,False
4,300,,INGLÊS,0.0,MÉDIA DIAGNÓSTICA,283,5,19.0,B,F,2022-01-01 00:00:00,2022-12-31 00:00:00,2022-02-27 00:00:00,307.0,False
297,189,,INGLÊS,9.0,MÉDIA ANUAL,246,6,15.0,B,M,2022-01-01 00:00:00,2022-12-31 00:00:00,2022-01-18 00:00:00,347.0,False
273,181,,PORTUGUÊS,2.0,MÉDIA ANUAL,240,6,15.0,R,M,2022-01-01 00:00:00,2022-12-31 00:00:00,2022-01-21 00:00:00,344.0,False
105,300,,INGLÊS,6.0,DIAGNOSTICA 2,281,4,17.0,B,F,2022-01-01 00:00:00,2022-12-31 00:00:00,2022-02-27 00:00:00,307.0,False
24,210,,PORTUGUÊS,2.5,DIAGNOSTICA 1,266,1,19.0,R,F,2022-01-01 00:00:00,2022-12-31 00:00:00,2022-02-18 00:00:00,316.0,False
277,274,,INGLÊS,7.5,2º SEMESTRE,280,3,15.0,B,F,2022-01-01 00:00:00,2022-12-31 00:00:00,2022-07-23 19:00:00,160.0,False
346,186,,MATEMÁTICA,9.0,DIAGNOSTICA 2,245,4,14.0,R,F,2022-01-01 00:00:00,2022-12-31 00:00:00,2022-01-18 00:00:00,347.0,False
218,205,,MATEMÁTICA,5.0,MÉDIA ANUAL,252,6,17.0,B,F,2022-01-01 00:00:00,2022-12-31 00:00:00,2022-01-18 00:00:00,347.0,False
26,210,,INGLÊS,10.0,MÉDIA ANUAL,270,6,19.0,B,F,2022-01-01 00:00:00,2022-12-31 00:00:00,2022-01-18 00:00:00,347.0,False
317,189,,MATEMÁTICA,3.5,MÉDIA DIAGNÓSTICA,247,5,14.0,R,F,2022-01-01 00:00:00,2022-12-31 00:00:00,2022-03-07 00:00:00,299.0,False
276,185,,PORTUGUÊS,5.0,DIAGNOSTICA 1,242,1,15.0,R,F,2022-01-01 00:00:00,2022-12-31 00:00:00,2022-01-20 00:00:00,345.0,False
324,188,,PORTUGUÊS,6.5,MÉDIA DIAGNÓSTICA,247,5,16.0,B,F,2022-01-01 00:00:00,2022-12-31 00:00:00,2022-02-02 00:00:00,332.0,False
292,185,,MATEMÁTICA,7.5,1º SEMESTRE,243,2,15.0,A,M,2022-01-01 00:00:00,2022-12-31 00:00:00,2022-01-20 00:00:00,345.0,False
221,188,,MATEMÁTICA,5.0,MÉDIA DIAGNÓSTICA,247,5,16.0,B,F,2022-01-01 00:00:00,2022-12-31 00:00:00,2022-01-20 00:00:00,345.0,False
105,300,,INGLÊS,10.0,1º SEMESTRE,279,2,17.0,B,F,2022-01-01 00:00:00,2022-12-31 00:00:00,2022-02-27 00:00:00,307.0,False
255,200,,MATEMÁTICA,9.5,1º SEMESTRE,255,2,17.0,B,F,2022-01-01 00:00:00,2022-12-31 00:00:00,2022-01-20 00:00:00,345.0,False
233,256,,MATEMÁTICA,6.0,MÉDIA ANUAL,246,6,15.0,B,F,2022-01-01 00:00:00,2022-12-31 00:00:00,2022-01-21 00:00:00,344.0,False
283,190,,PORTUGUÊS,4.0,2º SEMESTRE,244,3,13.0,R,F,2022-01-01 00:00:00,2022-12-31 00:00:00,2022-01-20 00:00:00,345.0,False
272,194,,MATEMÁTICA,6.0,2º SEMESTRE,244,3,15.0,B,M,2022-01-01 00:00:00,2022-12-31 00:00:00,2022-07-23 13:41:00,160.0,False
348,183,,PORTUGUÊS,5.5,MÉDIA DIAGNÓSTICA,241,5,15.0,B,F,2022-01-01 00:00:00,2022-12-31 00:00:00,2022-06-01 00:00:00,213.0,False
24,210,,PORTUGUÊS,3.5,2º SEMESTRE,268,3,19.0,R,F,2022-01-01 00:00:00,2022-12-31 00:00:00,2022-02-18 00:00:00,316.0,False
335,190,Falta de retorno as nossas tentativas de contato,PORTUGUÊS,0.0,DIAGNOSTICA 1,242,1,14.0,R,M,2022-01-01 00:00:00,2022-06-10 00:00:00,2022-01-18 00:00:00,143.0,True
282,177,,MATEMÁTICA,1.0,1º SEMESTRE,237,2,15.0,R,M,2022-01-01 00:00:00,2022-12-31 00:00:00,2022-01-18 00:00:00,347.0,False
207,185,,PORTUGUÊS,3.5,MÉDIA DIAGNÓSTICA,247,5,15.0,P,M,2022-01-01 00:00:00,2022-12-31 00:00:00,2022-01-20 00:00:00,345.0,False
207,273,,INGLÊS,0.0,DIAGNOSTICA 2,281,4,15.0,P,M,2022-01-01 00:00:00,2022-12-31 00:00:00,2022-02-24 00:00:00,310.0,False
142,207,,PORTUGUÊS,8.0,DIAGNOSTICA 2,251,4,16.0,B,F,2022-01-01 00:00:00,2022-12-31 00:00:00,2022-01-21 00:00:00,344.0,False
248,172,,MATEMÁTICA,9.0,2º SEMESTRE,238,3,14.0,R,F,2022-01-01 00:00:00,2022-12-31 00:00:00,2022-01-20 00:00:00,345.0,False
327,177,,PORTUGUÊS,7.0,2º SEMESTRE,238,3,15.0,R,M,2022-01-01 00:00:00,2022-12-31 00:00:00,2022-01-18 00:00:00,347.0,False
164,303,,INGLÊS,4.5,DIAGNOSTICA 1,278,1,17.0,P,M,2022-01-01 00:00:00,2022-12-31 00:00:00,2022-02-27 00:00:00,307.0,False
142,234,,INGLÊS,8.0,DIAGNOSTICA 2,281,4,16.0,B,F,2022-01-01 00:00:00,2022-12-31 00:00:00,2022-02-27 00:00:00,307.0,False
305,186,,PORTUGUÊS,5.5,1º SEMESTRE,243,2,17.0,R,M,2022-01-01 00:00:00,2022-12-31 00:00:00,2022-01-20 00:00:00,345.0,False
317,286,,INGLÊS,3.0,MÉDIA DIAGNÓSTICA,283,5,14.0,R,F,2022-01-01 00:00:00,2022-12-31 00:00:00,2022-02-25 00:00:00,309.0,False
277,186,,PORTUGUÊS,7.5,DIAGNOSTICA 2,245,4,15.0,B,F,2022-01-01 00:00:00,2022-12-31 00:00:00,2022-07-23 14:17:00,160.0,False
326,177,,PORTUGUÊS,6.0,MÉDIA ANUAL,240,6,15.0,R,M,2022-01-01 00:00:00,2022-12-31 00:00:00,2022-01-18 00:00:00,347.0,False
133,201,,MATEMÁTICA,6.5,MÉDIA DIAGNÓSTICA,259,5,16.0,B,F,2022-01-01 00:00:00,2022-12-31 00:00:00,2022-01-21 00:00:00,344.0,False
227,415,,MATEMÁTICA,5.0,MÉDIA DIAGNÓSTICA,241,5,14.0,P,F,2022-01-01 00:00:00,2022-12-31 00:00:00,2022-01-21 00:00:00,344.0,False
25,283,,INGLÊS,9.0,2º SEMESTRE,280,3,20.0,P,F,2022-01-01 00:00:00,2022-12-31 00:00:00,2022-02-28 00:00:00,306.0,False
45,196,,INGLÊS,6.0,DIAGNOSTICA 2,275,4,23.0,R,F,2022-01-01 00:00:00,2022-12-31 00:00:00,2022-01-24 00:00:00,341.0,False
26,210,,PORTUGUÊS,4.5,MÉDIA DIAGNÓSTICA,271,5,19.0,B,F,2022-01-01 00:00:00,2022-12-31 00:00:00,2022-01-18 00:00:00,347.0,False
181,203,,INGLÊS,2.5,1º SEMESTRE,249,2,17.0,R,F,2022-01-01 00:00:00,2022-12-31 00:00:00,2022-01-20 00:00:00,345.0,False
229,180,,PORTUGUÊS,8.5,2º SEMESTRE,238,3,13.0,R,F,2022-01-01 00:00:00,2022-12-31 00:00:00,2022-01-21 00:00:00,344.0,False
8,303,,INGLÊS,1.5,2º SEMESTRE,280,3,22.0,B,F,2022-01-01 00:00:00,2022-12-31 00:00:00,2022-07-25 17:05:00,158.0,False
283,276,,INGLÊS,3.0,1º SEMESTRE,279,2,13.0,R,F,2022-01-01 00:00:00,2022-12-31 00:00:00,2022-02-25 00:00:00,309.0,False
364,159,,PORTUGUÊS,7.5,2º SEMESTRE,232,3,12.0,R,M,2022-01-01 00:00:00,2022-12-31 00:00:00,2022-01-20 00:00:00,345.0,False
251,255,,PORTUGUÊS,7.0,2º SEMESTRE,256,3,17.0,R,M,2022-01-01 00:00:00,2022-12-31 00:00:00,2022-01-20 00:00:00,345.0,False
248,172,,MATEMÁTICA,6.0,MÉDIA DIAGNÓSTICA,241,5,14.0,R,F,2022-01-01 00:00:00,2022-12-31 00:00:00,2022-01-20 00:00:00,345.0,False
103,199,,PORTUGUÊS,6.5,DIAGNOSTICA 2,257,4,18.0,R,M,2022-01-01 00:00:00,2022-12-31 00:00:00,2022-01-20 00:00:00,345.0,False
106,208,,PORTUGUÊS,4.0,MÉDIA DIAGNÓSTICA,265,5,18.0,P,M,2022-01-01 00:00:00,2022-12-31 00:00:00,2022-01-20 00:00:00,345.0,False
358,159,,PORTUGUÊS,10.0,1º SEMESTRE,231,2,11.0,R,M,2022-01-01 00:00:00,2022-12-31 00:00:00,2022-01-20 00:00:00,345.0,False
332,190,,INGLÊS,1.5,2º SEMESTRE,244,3,16.0,R,M,2022-01-01 00:00:00,2022-12-31 00:00:00,2022-01-18 00:00:00,347.0,False
123,201,,MATEMÁTICA,2.0,DIAGNOSTICA 1,254,1,17.0,B,F,2022-01-01 00:00:00,2022-12-31 00:00:00,2022-01-21 00:00:00,344.0,False
45,452,,INGLÊS,6.0,PROGRESSÃO,330,7,23.0,R,F,2022-01-01 00:00:00,2022-12-31 00:00:00,2022-12-12 17:39:00,18.0,False
311,207,,MATEMÁTICA,0.0,1º SEMESTRE,249,2,16.0,B,F,2022-01-01 00:00:00,2022-12-31 00:00:00,2022-01-21 00:00:00,344.0,False
183,185,Outras prioridades/trabalho,INGLÊS,7.0,1º SEMESTRE,243,2,14.0,B,M,2022-01-01 00:00:00,2022-08-10 12:16:00,2022-01-20 00:00:00,202.0,True
290,203,,MATEMÁTICA,9.0,2º SEMESTRE,250,3,16.0,B,F,2022-01-01 00:00:00,2022-12-31 00:00:00,2022-02-03 00:00:00,331.0,False
25,210,,PORTUGUÊS,2.0,MÉDIA DIAGNÓSTICA,271,5,20.0,P,F,2022-01-01 00:00:00,2022-12-31 00:00:00,2022-01-20 00:00:00,345.0,False
283,276,,INGLÊS,2.5,2º SEMESTRE,280,3,13.0,R,F,2022-01-01 00:00:00,2022-12-31 00:00:00,2022-02-25 00:00:00,309.0,False
125,208,,INGLÊS,6.0,DIAGNOSTICA 2,263,4,18.0,B,F,2022-01-01 00:00:00,2022-12-31 00:00:00,2022-01-21 00:00:00,344.0,False
309,189,,PORTUGUÊS,8.5,2º SEMESTRE,244,3,14.0,R,F,2022-01-01 00:00:00,2022-12-31 00:00:00,2022-01-18 00:00:00,347.0,False
201,273,,INGLÊS,4.0,DIAGNOSTICA 1,278,1,14.0,B,F,2022-01-01 00:00:00,2022-12-31 00:00:00,2022-02-24 00:00:00,310.0,False
277,274,,INGLÊS,0.0,MÉDIA DIAGNÓSTICA,283,5,15.0,B,F,2022-01-01 00:00:00,2022-12-31 00:00:00,2022-07-23 19:00:00,160.0,False
163,205,,PORTUGUÊS,8.5,2º SEMESTRE,250,3,18.0,R,F,2022-01-01 00:00:00,2022-12-31 00:00:00,2022-01-18 00:00:00,347.0,False
249,203,,INGLÊS,4.5,DIAGNOSTICA 1,248,1,16.0,B,F,2022-01-01 00:00:00,2022-12-31 00:00:00,2022-02-03 00:00:00,331.0,False
128,278,,INGLÊS,5.5,DIAGNOSTICA 2,281,4,19.0,P,F,2022-01-01 00:00:00,2022-12-31 00:00:00,2022-02-27 00:00:00,307.0,False
238,179,,PORTUGUÊS,3.5,DIAGNOSTICA 1,236,1,15.0,B,M,2022-01-01 00:00:00,2022-12-31 00:00:00,2022-01-21 00:00:00,344.0,False
146,255,,MATEMÁTICA,4.0,DIAGNOSTICA 1,254,1,19.0,B,M,2022-01-01 00:00:00,2022-12-31 00:00:00,2022-01-21 00:00:00,344.0,False
311,207,,INGLÊS,6.0,MÉDIA DIAGNÓSTICA,253,5,16.0,B,F,2022-01-01 00:00:00,2022-12-31 00:00:00,2022-01-21 00:00:00,344.0,False
134,201,,MATEMÁTICA,4.5,MÉDIA DIAGNÓSTICA,259,5,17.0,R,F,2022-01-01 00:00:00,2022-12-31 00:00:00,2022-01-21 00:00:00,344.0,False
168,199,,MATEMÁTICA,6.5,1º SEMESTRE,255,2,17.0,R,F,2022-01-01 00:00:00,2022-12-31 00:00:00,2022-02-14 00:00:00,320.0,False
357,234,,INGLÊS,6.5,DIAGNOSTICA 1,278,1,16.0,B,M,2022-01-01 00:00:00,2022-12-31 00:00:00,2022-02-27 00:00:00,307.0,False
325,177,,PORTUGUÊS,0.0,DIAGNOSTICA 2,239,4,15.0,B,M,2022-01-01 00:00:00,2022-12-31 00:00:00,2022-02-03 00:00:00,331.0,False
225,415,,MATEMÁTICA,7.0,DIAGNOSTICA 1,236,1,13.0,R,M,2022-01-01 00:00:00,2022-12-31 00:00:00,2022-01-21 00:00:00,344.0,False
285,286,,INGLÊS,9.0,1º SEMESTRE,279,2,15.0,R,F,2022-01-01 00:00:00,2022-12-31 00:00:00,2022-02-24 00:00:00,310.0,False
240,194,,PORTUGUÊS,5.5,2º SEMESTRE,244,3,15.0,R,M,2022-01-01 00:00:00,2022-12-31 00:00:00,2022-07-23 13:39:00,160.0,False
259,172,,PORTUGUÊS,3.0,DIAGNOSTICA 1,236,1,14.0,B,F,2022-01-01 00:00:00,2022-12-31 00:00:00,2022-01-21 00:00:00,344.0,False
117,200,Falta de retorno as nossas tentativas de contato,MATEMÁTICA,0.0,DIAGNOSTICA 1,254,1,18.0,R,M,2022-01-01 00:00:00,2022-06-11 00:00:00,2022-02-02 00:00:00,129.0,True
3,210,,INGLÊS,4.0,MÉDIA DIAGNÓSTICA,271,5,19.0,R,F,2022-01-01 00:00:00,2022-12-31 00:00:00,2022-01-20 00:00:00,345.0,False
120,208,,PORTUGUÊS,6.5,MÉDIA ANUAL,264,6,18.0,R,F,2022-01-01 00:00:00,2022-12-31 00:00:00,2022-01-18 00:00:00,347.0,False
267,256,,INGLÊS,0.0,DIAGNOSTICA 1,242,1,13.0,B,F,2022-01-01 00:00:00,2022-12-31 00:00:00,2022-07-23 14:08:00,160.0,False
103,425,,INGLÊS,10.0,1º SEMESTRE,279,2,18.0,R,M,2022-01-01 00:00:00,2022-12-31 00:00:00,2022-02-27 00:00:00,307.0,False
248,172,,PORTUGUÊS,5.5,1º SEMESTRE,237,2,14.0,R,F,2022-01-01 00:00:00,2022-12-31 00:00:00,2022-01-20 00:00:00,345.0,False
305,186,,MATEMÁTICA,9.0,DIAGNOSTICA 1,242,1,17.0,R,M,2022-01-01 00:00:00,2022-12-31 00:00:00,2022-01-20 00:00:00,345.0,False
128,208,,MATEMÁTICA,7.5,MÉDIA DIAGNÓSTICA,265,5,19.0,P,F,2022-01-01 00:00:00,2022-12-31 00:00:00,2022-01-19 00:00:00,346.0,False
123,201,,INGLÊS,9.0,2º SEMESTRE,256,3,17.0,B,F,2022-01-01 00:00:00,2022-12-31 00:00:00,2022-01-21 00:00:00,344.0,False
155,202,,MATEMÁTICA,3.5,1º SEMESTRE,255,2,17.0,P,M,2022-01-01 00:00:00,2022-12-31 00:00:00,2022-01-19 00:00:00,346.0,False
290,203,,MATEMÁTICA,7.0,DIAGNOSTICA 1,248,1,16.0,B,F,2022-01-01 00:00:00,2022-12-31 00:00:00,2022-02-03 00:00:00,331.0,False
100,425,,INGLÊS,8.5,1º SEMESTRE,279,2,17.0,R,F,2022-01-01 00:00:00,2022-12-31 00:00:00,2022-02-27 00:00:00,307.0,False
165,199,,MATEMÁTICA,5.0,2º SEMESTRE,256,3,15.0,R,M,2022-01-01 00:00:00,2022-12-31 00:00:00,2022-01-21 00:00:00,344.0,False
271,186,,INGLÊS,0.0,MÉDIA DIAGNÓSTICA,247,5,17.0,B,M,2022-01-01 00:00:00,2022-12-31 00:00:00,2022-01-20 00:00:00,345.0,False
32,208,,INGLÊS,0.0,DIAGNOSTICA 2,263,4,19.0,B,F,2022-01-01 00:00:00,2022-12-31 00:00:00,2022-01-18 00:00:00,347.0,False
283,190,,PORTUGUÊS,6.0,DIAGNOSTICA 1,242,1,13.0,R,F,2022-01-01 00:00:00,2022-12-31 00:00:00,2022-01-20 00:00:00,345.0,False
239,194,,PORTUGUÊS,5.0,2º SEMESTRE,244,3,16.0,B,M,2022-01-01 00:00:00,2022-12-31 00:00:00,2022-07-23 13:38:00,160.0,False
17,210,,MATEMÁTICA,2.0,2º SEMESTRE,268,3,19.0,B,F,2022-01-01 00:00:00,2022-12-31 00:00:00,2022-01-21 00:00:00,344.0,False
289,188,,INGLÊS,0.0,DIAGNOSTICA 1,242,1,15.0,B,F,2022-01-01 00:00:00,2022-12-31 00:00:00,2022-01-18 00:00:00,347.0,False
343,177,,PORTUGUÊS,4.0,MÉDIA DIAGNÓSTICA,241,5,13.0,R,M,2022-01-01 00:00:00,2022-12-31 00:00:00,2022-01-20 00:00:00,345.0,False
219,185,,INGLÊS,1.0,DIAGNOSTICA 1,242,1,15.0,B,F,2022-01-01 00:00:00,2022-12-31 00:00:00,2022-01-20 00:00:00,345.0,False
120,278,,INGLÊS,8.5,2º SEMESTRE,280,3,18.0,R,F,2022-01-01 00:00:00,2022-12-31 00:00:00,2022-02-27 00:00:00,307.0,False
167,202,,INGLÊS,6.5,DIAGNOSTICA 2,257,4,18.0,B,F,2022-01-01 00:00:00,2022-12-31 00:00:00,2022-01-20 00:00:00,345.0,False
125,208,,MATEMÁTICA,5.0,1º SEMESTRE,261,2,18.0,B,F,2022-01-01 00:00:00,2022-12-31 00:00:00,2022-01-21 00:00:00,344.0,False
185,169,,MATEMÁTICA,7.0,2º SEMESTRE,238,3,15.0,R,M,2022-01-01 00:00:00,2022-12-31 00:00:00,2022-01-20 00:00:00,345.0,False
297,291,,INGLÊS,5.5,MÉDIA DIAGNÓSTICA,283,5,15.0,B,M,2022-01-01 00:00:00,2022-12-31 00:00:00,2022-02-25 00:00:00,309.0,False
253,188,,MATEMÁTICA,6.5,2º SEMESTRE,244,3,15.0,B,F,2022-01-01 00:00:00,2022-12-31 00:00:00,2022-01-20 00:00:00,345.0,False
297,189,,PORTUGUÊS,8.5,MÉDIA ANUAL,246,6,15.0,B,M,2022-01-01 00:00:00,2022-12-31 00:00:00,2022-01-18 00:00:00,347.0,False
111,208,,PORTUGUÊS,7.5,MÉDIA DIAGNÓSTICA,265,5,19.0,B,F,2022-01-01 00:00:00,2022-12-31 00:00:00,2022-01-20 00:00:00,345.0,False
269,452,,INGLÊS,2.5,2º SEMESTRE,280,3,16.0,R,M,2022-01-01 00:00:00,2022-12-31 00:00:00,2022-07-23 18:25:00,160.0,False
17,425,,INGLÊS,2.0,DIAGNOSTICA 1,278,1,19.0,B,F,2022-01-01 00:00:00,2022-12-31 00:00:00,2022-02-28 00:00:00,306.0,False
307,203,,INGLÊS,3.0,DIAGNOSTICA 1,248,1,16.0,R,F,2022-01-01 00:00:00,2022-12-31 00:00:00,2022-01-20 00:00:00,345.0,False
166,211,,INGLÊS,5.0,MÉDIA ANUAL,270,6,17.0,B,F,2022-01-01 00:00:00,2022-12-31 00:00:00,2022-01-20 00:00:00,345.0,False
151,201,,INGLÊS,6.5,DIAGNOSTICA 1,254,1,15.0,B,F,2022-01-01 00:00:00,2022-12-31 00:00:00,2022-03-02 00:00:00,304.0,False
69,210,Outras prioridades/trabalho,PORTUGUÊS,4.5,DIAGNOSTICA 1,266,1,20.0,R,F,2022-01-01 00:00:00,2022-07-03 00:00:00,2022-01-21 00:00:00,163.0,True
235,415,,PORTUGUÊS,4.0,MÉDIA DIAGNÓSTICA,241,5,13.0,R,F,2022-03-24 00:00:00,2022-12-31 00:00:00,2022-01-21 00:00:00,344.0,False
248,172,,MATEMÁTICA,3.0,DIAGNOSTICA 1,236,1,14.0,R,F,2022-01-01 00:00:00,2022-12-31 00:00:00,2022-01-20 00:00:00,345.0,False
207,273,,INGLÊS,1.5,MÉDIA ANUAL,282,6,15.0,P,M,2022-01-01 00:00:00,2022-12-31 00:00:00,2022-02-24 00:00:00,310.0,False
120,208,,INGLÊS,7.5,DIAGNOSTICA 2,263,4,18.0,R,F,2022-01-01 00:00:00,2022-12-31 00:00:00,2022-01-18 00:00:00,347.0,False
319,174,,MATEMÁTICA,4.0,DIAGNOSTICA 1,236,1,14.0,B,F,2022-01-01 00:00:00,2022-12-31 00:00:00,2022-01-18 00:00:00,347.0,False
125,278,,INGLÊS,9.0,MÉDIA ANUAL,282,6,18.0,B,F,2022-01-01 00:00:00,2022-12-31 00:00:00,2022-02-27 00:00:00,307.0,False
217,172,,PORTUGUÊS,5.5,1º SEMESTRE,237,2,15.0,B,F,2022-01-01 00:00:00,2022-12-31 00:00:00,2022-01-20 00:00:00,345.0,False
28,303,,INGLÊS,6.5,2º SEMESTRE,280,3,19.0,R,F,2022-01-01 00:00:00,2022-12-31 00:00:00,2022-02-28 00:00:00,306.0,False
153,283,,INGLÊS,0.0,1º SEMESTRE,279,2,18.0,B,M,2022-01-01 00:00:00,2022-12-31 00:00:00,2022-03-02 00:00:00,304.0,False
156,255,,INGLÊS,8.0,MÉDIA DIAGNÓSTICA,259,5,16.0,B,M,2022-01-01 00:00:00,2022-12-31 00:00:00,2022-01-21 00:00:00,344.0,False
356,193,,INGLÊS,5.0,DIAGNOSTICA 2,245,4,16.0,B,F,2022-01-01 00:00:00,2022-12-31 00:00:00,2022-02-02 00:00:00,332.0,False
263,194,,PORTUGUÊS,4.5,MÉDIA DIAGNÓSTICA,247,5,14.0,R,M,2022-01-01 00:00:00,2022-12-31 00:00:00,2022-01-21 00:00:00,344.0,False
96,208,,INGLÊS,6.5,DIAGNOSTICA 1,260,1,19.0,B,F,2022-01-01 00:00:00,2022-12-31 00:00:00,2022-01-20 00:00:00,345.0,False
279,186,Falta de retorno as nossas tentativas de contato,MATEMÁTICA,0.0,DIAGNOSTICA 1,242,1,17.0,R,M,2022-01-01 00:00:00,2022-08-31 19:00:00,2022-01-20 00:00:00,223.0,True
221,188,,PORTUGUÊS,5.0,DIAGNOSTICA 2,245,4,16.0,B,F,2022-01-01 00:00:00,2022-12-31 00:00:00,2022-01-20 00:00:00,345.0,False
27,210,,INGLÊS,4.5,DIAGNOSTICA 2,269,4,19.0,R,M,2022-01-01 00:00:00,2022-12-31 00:00:00,2022-02-14 00:00:00,320.0,False
265,179,Falta de retorno as nossas tentativas de contato,PORTUGUÊS,2.5,1º SEMESTRE,237,2,16.0,B,F,2022-01-01 00:00:00,2022-10-04 16:25:00,2022-01-21 00:00:00,256.0,True
301,189,,INGLÊS,0.0,DIAGNOSTICA 1,242,1,15.0,B,M,2022-01-01 00:00:00,2022-12-31 00:00:00,2022-01-18 00:00:00,347.0,False
255,291,,INGLÊS,9.5,1º SEMESTRE,279,2,17.0,B,F,2022-01-01 00:00:00,2022-12-31 00:00:00,2022-02-27 00:00:00,307.0,False
221,424,,INGLÊS,3.0,DIAGNOSTICA 2,281,4,16.0,B,F,2022-01-01 00:00:00,2022-12-31 00:00:00,2022-02-25 00:00:00,309.0,False
207,185,,MATEMÁTICA,3.5,MÉDIA ANUAL,246,6,15.0,P,M,2022-01-01 00:00:00,2022-12-31 00:00:00,2022-01-20 00:00:00,345.0,False
194,187,Falta de retorno as nossas tentativas de contato,PORTUGUÊS,1.0,DIAGNOSTICA 1,242,1,14.0,B,F,2022-01-01 00:00:00,2022-08-16 16:54:00,2022-01-20 00:00:00,208.0,True
176,205,,MATEMÁTICA,3.0,DIAGNOSTICA 1,248,1,17.0,R,M,2022-01-01 00:00:00,2022-12-31 00:00:00,2022-01-18 00:00:00,347.0,False
309,189,,PORTUGUÊS,8.0,DIAGNOSTICA 2,245,4,14.0,R,F,2022-01-01 00:00:00,2022-12-31 00:00:00,2022-01-18 00:00:00,347.0,False
156,255,,INGLÊS,6.5,DIAGNOSTICA 1,254,1,16.0,B,M,2022-01-01 00:00:00,2022-12-31 00:00:00,2022-01-21 00:00:00,344.0,False
290,203,,INGLÊS,9.5,MÉDIA ANUAL,252,6,16.0,B,F,2022-01-01 00:00:00,2022-12-31 00:00:00,2022-02-03 00:00:00,331.0,False
296,415,,MATEMÁTICA,4.0,1º SEMESTRE,237,2,14.0,R,F,2022-01-01 00:00:00,2022-12-31 00:00:00,2022-01-21 00:00:00,344.0,False
21,425,,INGLÊS,8.0,2º SEMESTRE,280,3,19.0,R,M,2022-01-01 00:00:00,2022-12-31 00:00:00,2022-02-28 00:00:00,306.0,False
25,210,,PORTUGUÊS,3.0,1º SEMESTRE,267,2,20.0,P,F,2022-01-01 00:00:00,2022-12-31 00:00:00,2022-01-20 00:00:00,345.0,False
145,202,,INGLÊS,1.0,DIAGNOSTICA 2,257,4,18.0,B,M,2022-01-01 00:00:00,2022-12-31 00:00:00,2022-01-20 00:00:00,345.0,False
337,190,,PORTUGUÊS,6.5,MÉDIA ANUAL,246,6,16.0,B,M,2022-01-01 00:00:00,2022-12-31 00:00:00,2022-01-18 00:00:00,347.0,False
209,256,,INGLÊS,3.0,DIAGNOSTICA 2,245,4,15.0,B,F,2022-01-01 00:00:00,2022-12-31 00:00:00,2022-05-27 00:00:00,218.0,False
151,201,,PORTUGUÊS,8.0,DIAGNOSTICA 1,254,1,15.0,B,F,2022-01-01 00:00:00,2022-12-31 00:00:00,2022-03-02 00:00:00,304.0,False
319,174,,PORTUGUÊS,9.5,MÉDIA ANUAL,240,6,14.0,B,F,2022-01-01 00:00:00,2022-12-31 00:00:00,2022-01-18 00:00:00,347.0,False
139,201,,MATEMÁTICA,4.0,1º SEMESTRE,255,2,16.0,B,F,2022-01-01 00:00:00,2022-12-31 00:00:00,2022-01-21 00:00:00,344.0,False
113,208,,MATEMÁTICA,8.5,MÉDIA ANUAL,264,6,19.0,B,F,2022-01-01 00:00:00,2022-12-31 00:00:00,2022-02-03 00:00:00,331.0,False
232,256,,MATEMÁTICA,9.5,1º SEMESTRE,243,2,14.0,B,M,2022-01-01 00:00:00,2022-12-31 00:00:00,2022-01-21 00:00:00,344.0,False
217,172,,PORTUGUÊS,4.0,2º SEMESTRE,238,3,15.0,B,F,2022-01-01 00:00:00,2022-12-31 00:00:00,2022-01-20 00:00:00,345.0,False
252,201,,PORTUGUÊS,5.0,2º SEMESTRE,256,3,17.0,R,F,2022-01-01 00:00:00,2022-12-31 00:00:00,2022-01-21 00:00:00,344.0,False
204,185,,MATEMÁTICA,8.5,DIAGNOSTICA 2,245,4,15.0,B,F,2022-01-01 00:00:00,2022-12-31 00:00:00,2022-01-20 00:00:00,345.0,False
100,202,,INGLÊS,5.0,MÉDIA DIAGNÓSTICA,259,5,17.0,R,F,2022-01-01 00:00:00,2022-12-31 00:00:00,2022-01-20 00:00:00,345.0,False
162,205,,MATEMÁTICA,3.0,MÉDIA DIAGNÓSTICA,253,5,18.0,R,F,2022-01-01 00:00:00,2022-12-31 00:00:00,2022-03-09 00:00:00,297.0,False
333,186,,MATEMÁTICA,1.0,DIAGNOSTICA 1,242,1,15.0,R,M,2022-01-01 00:00:00,2022-12-31 00:00:00,2022-01-18 00:00:00,347.0,False
182,266,,PORTUGUÊS,8.0,2º SEMESTRE,250,3,17.0,R,F,2022-01-01 00:00:00,2022-12-31 00:00:00,2022-01-20 00:00:00,345.0,False
147,297,,INGLÊS,4.0,DIAGNOSTICA 1,278,1,18.0,R,M,2022-01-01 00:00:00,2022-12-31 00:00:00,2022-02-27 00:00:00,307.0,False
276,185,,MATEMÁTICA,5.5,1º SEMESTRE,243,2,15.0,R,F,2022-01-01 00:00:00,2022-12-31 00:00:00,2022-01-20 00:00:00,345.0,False
226,181,,MATEMÁTICA,0.0,DIAGNOSTICA 2,239,4,14.0,B,F,2022-01-01 00:00:00,2022-12-31 00:00:00,2022-02-03 00:00:00,331.0,False
341,190,,MATEMÁTICA,6.5,2º SEMESTRE,244,3,14.0,P,F,2022-01-01 00:00:00,2022-12-31 00:00:00,2022-01-18 00:00:00,347.0,False
356,193,,INGLÊS,1.5,DIAGNOSTICA 1,242,1,16.0,B,F,2022-01-01 00:00:00,2022-12-31 00:00:00,2022-02-02 00:00:00,332.0,False
168,278,,INGLÊS,2.5,DIAGNOSTICA 1,278,1,17.0,R,F,2022-01-01 00:00:00,2022-12-31 00:00:00,2022-03-02 00:00:00,304.0,False
285,205,,INGLÊS,9.0,1º SEMESTRE,249,2,15.0,R,F,2022-01-01 00:00:00,2022-12-31 00:00:00,2022-06-03 00:00:00,211.0,False
25,210,,MATEMÁTICA,1.0,MÉDIA DIAGNÓSTICA,271,5,20.0,P,F,2022-01-01 00:00:00,2022-12-31 00:00:00,2022-01-20 00:00:00,345.0,False
208,424,,INGLÊS,9.5,1º SEMESTRE,279,2,16.0,B,M,2022-01-01 00:00:00,2022-12-31 00:00:00,2022-02-25 00:00:00,309.0,False
277,274,,INGLÊS,4.0,MÉDIA ANUAL,282,6,15.0,B,F,2022-01-01 00:00:00,2022-12-31 00:00:00,2022-07-23 19:00:00,160.0,False
156,255,,MATEMÁTICA,7.5,1º SEMESTRE,255,2,16.0,B,M,2022-01-01 00:00:00,2022-12-31 00:00:00,2022-01-21 00:00:00,344.0,False
330,276,,INGLÊS,2.5,DIAGNOSTICA 2,281,4,16.0,B,M,2022-01-01 00:00:00,2022-12-31 00:00:00,2022-02-25 00:00:00,309.0,False
99,278,,INGLÊS,4.0,DIAGNOSTICA 1,278,1,19.0,R,F,2022-01-01 00:00:00,2022-12-31 00:00:00,2022-02-27 00:00:00,307.0,False
324,424,,INGLÊS,6.5,1º SEMESTRE,279,2,16.0,B,F,2022-01-01 00:00:00,2022-12-31 00:00:00,2022-02-24 00:00:00,310.0,False
27,210,,INGLÊS,9.0,MÉDIA ANUAL,270,6,19.0,R,M,2022-01-01 00:00:00,2022-12-31 00:00:00,2022-02-14 00:00:00,320.0,False
146,255,,MATEMÁTICA,6.5,1º SEMESTRE,255,2,19.0,B,M,2022-01-01 00:00:00,2022-12-31 00:00:00,2022-01-21 00:00:00,344.0,False
289,188,,INGLÊS,0.0,MÉDIA DIAGNÓSTICA,247,5,15.0,B,F,2022-01-01 00:00:00,2022-12-31 00:00:00,2022-01-18 00:00:00,347.0,False
29,210,,INGLÊS,9.0,2º SEMESTRE,268,3,19.0,R,M,2022-01-01 00:00:00,2022-12-31 00:00:00,2022-01-18 00:00:00,347.0,False
141,201,,PORTUGUÊS,7.5,1º SEMESTRE,255,2,16.0,R,F,2022-01-01 00:00:00,2022-12-31 00:00:00,2022-01-21 00:00:00,344.0,False
158,281,,INGLÊS,0.0,DIAGNOSTICA 1,278,1,18.0,B,M,2022-01-01 00:00:00,2022-12-31 00:00:00,2022-02-27 00:00:00,307.0,False
329,190,,INGLÊS,1.0,1º SEMESTRE,243,2,16.0,R,M,2022-01-01 00:00:00,2022-12-31 00:00:00,2022-01-18 00:00:00,347.0,False
107,202,,MATEMÁTICA,0.0,DIAGNOSTICA 2,257,4,18.0,B,F,2022-01-01 00:00:00,2022-12-31 00:00:00,2022-03-14 00:00:00,292.0,False
280,242,,PORTUGUÊS,7.0,2º SEMESTRE,244,3,14.0,B,M,2022-01-01 00:00:00,2022-12-31 00:00:00,2022-01-18 00:00:00,347.0,False
208,187,,MATEMÁTICA,0.0,DIAGNOSTICA 1,242,1,16.0,B,M,2022-01-01 00:00:00,2022-12-31 00:00:00,2022-01-20 00:00:00,345.0,False
270,256,,INGLÊS,2.0,MÉDIA DIAGNÓSTICA,247,5,16.0,P,M,2022-01-01 00:00:00,2022-12-31 00:00:00,2022-07-23 14:04:00,160.0,False
94,208,,PORTUGUÊS,2.0,1º SEMESTRE,261,2,18.0,R,F,2022-01-01 00:00:00,2022-12-31 00:00:00,2022-01-20 00:00:00,345.0,False
122,273,,INGLÊS,5.0,DIAGNOSTICA 1,278,1,19.0,B,F,2022-01-01 00:00:00,2022-12-31 00:00:00,2022-03-04 00:00:00,302.0,False
218,205,,MATEMÁTICA,4.0,DIAGNOSTICA 1,248,1,17.0,B,F,2022-01-01 00:00:00,2022-12-31 00:00:00,2022-01-18 00:00:00,347.0,False
253,188,,INGLÊS,9.0,MÉDIA ANUAL,246,6,15.0,B,F,2022-01-01 00:00:00,2022-12-31 00:00:00,2022-01-20 00:00:00,345.0,False
337,190,,MATEMÁTICA,5.5,2º SEMESTRE,244,3,16.0,B,M,2022-01-01 00:00:00,2022-12-31 00:00:00,2022-01-18 00:00:00,347.0,False
94,208,,MATEMÁTICA,4.0,MÉDIA DIAGNÓSTICA,265,5,18.0,R,F,2022-01-01 00:00:00,2022-12-31 00:00:00,2022-01-20 00:00:00,345.0,False
243,199,,MATEMÁTICA,7.5,MÉDIA DIAGNÓSTICA,259,5,17.0,B,M,2022-01-01 00:00:00,2022-12-31 00:00:00,2022-01-20 00:00:00,345.0,False
106,208,,MATEMÁTICA,5.5,MÉDIA ANUAL,264,6,18.0,P,M,2022-01-01 00:00:00,2022-12-31 00:00:00,2022-01-20 00:00:00,345.0,False
289,188,,PORTUGUÊS,7.5,1º SEMESTRE,243,2,15.0,B,F,2022-01-01 00:00:00,2022-12-31 00:00:00,2022-01-18 00:00:00,347.0,False
254,409,Falta de retorno as nossas tentativas de contato,MATEMÁTICA,5.0,DIAGNOSTICA 1,254,1,19.0,R,F,2022-01-01 00:00:00,2022-10-04 15:36:00,2022-01-20 00:00:00,257.0,True
161,291,,INGLÊS,5.5,DIAGNOSTICA 2,281,4,16.0,R,F,2022-01-01 00:00:00,2022-12-31 00:00:00,2022-02-27 00:00:00,307.0,False
172,278,,INGLÊS,6.5,DIAGNOSTICA 1,278,1,16.0,B,F,2022-01-01 00:00:00,2022-12-31 00:00:00,2022-02-27 00:00:00,307.0,False
219,185,,MATEMÁTICA,3.0,DIAGNOSTICA 1,242,1,15.0,B,F,2022-01-01 00:00:00,2022-12-31 00:00:00,2022-01-20 00:00:00,345.0,False
94,208,,PORTUGUÊS,3.0,DIAGNOSTICA 1,260,1,18.0,R,F,2022-01-01 00:00:00,2022-12-31 00:00:00,2022-01-20 00:00:00,345.0,False
169,300,,INGLÊS,10.0,MÉDIA ANUAL,282,6,17.0,A,F,2022-01-01 00:00:00,2022-12-31 00:00:00,2022-02-27 00:00:00,307.0,False
161,200,,MATEMÁTICA,7.0,DIAGNOSTICA 2,257,4,16.0,R,F,2022-01-01 00:00:00,2022-12-31 00:00:00,2022-01-18 00:00:00,347.0,False
312,190,,PORTUGUÊS,6.5,MÉDIA ANUAL,246,6,13.0,R,F,2022-01-01 00:00:00,2022-12-31 00:00:00,2022-01-18 00:00:00,347.0,False
355,207,,INGLÊS,1.5,1º SEMESTRE,249,2,16.0,R,M,2022-01-01 00:00:00,2022-12-31 00:00:00,2022-01-21 00:00:00,344.0,False
207,185,,MATEMÁTICA,4.5,MÉDIA DIAGNÓSTICA,247,5,15.0,P,M,2022-01-01 00:00:00,2022-12-31 00:00:00,2022-01-20 00:00:00,345.0,False
330,190,,MATEMÁTICA,6.5,DIAGNOSTICA 2,245,4,16.0,B,M,2022-01-01 00:00:00,2022-12-31 00:00:00,2022-01-18 00:00:00,347.0,False
218,205,,PORTUGUÊS,5.5,MÉDIA DIAGNÓSTICA,253,5,17.0,B,F,2022-01-01 00:00:00,2022-12-31 00:00:00,2022-01-18 00:00:00,347.0,False
246,185,,INGLÊS,8.5,DIAGNOSTICA 2,245,4,14.0,B,M,2022-01-01 00:00:00,2022-12-31 00:00:00,2022-02-02 00:00:00,332.0,False
111,208,,MATEMÁTICA,9.0,MÉDIA ANUAL,264,6,19.0,B,F,2022-01-01 00:00:00,2022-12-31 00:00:00,2022-01-20 00:00:00,345.0,False
293,177,,PORTUGUÊS,8.5,MÉDIA ANUAL,240,6,13.0,B,M,2022-01-01 00:00:00,2022-12-31 00:00:00,2022-01-18 00:00:00,347.0,False
136,234,,INGLÊS,8.0,2º SEMESTRE,280,3,16.0,B,F,2022-01-01 00:00:00,2022-12-31 00:00:00,2022-02-27 00:00:00,307.0,False
27,210,,INGLÊS,10.0,2º SEMESTRE,268,3,19.0,R,M,2022-01-01 00:00:00,2022-12-31 00:00:00,2022-02-14 00:00:00,320.0,False
134,201,,MATEMÁTICA,6.5,1º SEMESTRE,255,2,17.0,R,F,2022-01-01 00:00:00,2022-12-31 00:00:00,2022-01-21 00:00:00,344.0,False
131,278,,INGLÊS,3.0,DIAGNOSTICA 2,281,4,19.0,P,F,2022-01-01 00:00:00,2022-12-31 00:00:00,2022-02-28 00:00:00,306.0,False
168,199,,PORTUGUÊS,8.0,MÉDIA ANUAL,258,6,17.0,R,F,2022-01-01 00:00:00,2022-12-31 00:00:00,2022-02-14 00:00:00,320.0,False
322,190,,PORTUGUÊS,3.5,DIAGNOSTICA 1,242,1,16.0,R,M,2022-01-01 00:00:00,2022-12-31 00:00:00,2022-01-20 00:00:00,345.0,False
239,194,,MATEMÁTICA,4.0,1º SEMESTRE,243,2,16.0,B,M,2022-01-01 00:00:00,2022-12-31 00:00:00,2022-07-23 13:38:00,160.0,False
344,174,,PORTUGUÊS,9.0,1º SEMESTRE,237,2,14.0,B,F,2022-01-01 00:00:00,2022-12-31 00:00:00,2022-01-20 00:00:00,345.0,False
303,419,,MATEMÁTICA,5.0,DIAGNOSTICA 1,242,1,15.0,B,M,2022-01-01 00:00:00,2022-12-31 00:00:00,2022-01-19 00:00:00,346.0,False
273,181,,PORTUGUÊS,0.0,DIAGNOSTICA 1,236,1,15.0,R,M,2022-01-01 00:00:00,2022-12-31 00:00:00,2022-01-21 00:00:00,344.0,False
147,249,,PORTUGUÊS,6.0,DIAGNOSTICA 1,248,1,18.0,R,M,2022-01-01 00:00:00,2022-12-31 00:00:00,2022-01-19 00:00:00,346.0,False
333,274,,INGLÊS,4.0,MÉDIA DIAGNÓSTICA,283,5,15.0,R,M,2022-01-01 00:00:00,2022-12-31 00:00:00,2022-02-24 00:00:00,310.0,False
342,177,,MATEMÁTICA,7.0,DIAGNOSTICA 1,236,1,14.0,B,M,2022-01-01 00:00:00,2022-12-31 00:00:00,2022-01-20 00:00:00,345.0,False
341,190,,PORTUGUÊS,5.0,MÉDIA ANUAL,246,6,14.0,P,F,2022-01-01 00:00:00,2022-12-31 00:00:00,2022-01-18 00:00:00,347.0,False
146,255,,INGLÊS,4.0,DIAGNOSTICA 1,254,1,19.0,B,M,2022-01-01 00:00:00,2022-12-31 00:00:00,2022-01-21 00:00:00,344.0,False
17,210,,INGLÊS,0.0,2º SEMESTRE,268,3,19.0,B,F,2022-01-01 00:00:00,2022-12-31 00:00:00,2022-01-21 00:00:00,344.0,False
196,169,,MATEMÁTICA,4.5,MÉDIA ANUAL,240,6,14.0,R,M,2022-01-01 00:00:00,2022-12-31 00:00:00,2022-01-20 00:00:00,345.0,False
147,249,,MATEMÁTICA,7.0,MÉDIA DIAGNÓSTICA,253,5,18.0,R,M,2022-01-01 00:00:00,2022-12-31 00:00:00,2022-01-19 00:00:00,346.0,False
131,278,,INGLÊS,6.5,MÉDIA ANUAL,282,6,19.0,P,F,2022-01-01 00:00:00,2022-12-31 00:00:00,2022-02-28 00:00:00,306.0,False
359,159,,MATEMÁTICA,5.5,DIAGNOSTICA 2,233,4,11.0,R,F,2022-01-01 00:00:00,2022-12-31 00:00:00,2022-01-20 00:00:00,345.0,False
329,276,,INGLÊS,0.5,MÉDIA ANUAL,282,6,16.0,R,M,2022-01-01 00:00:00,2022-12-31 00:00:00,2022-02-24 00:00:00,310.0,False
206,257,,MATEMÁTICA,5.0,MÉDIA DIAGNÓSTICA,235,5,14.0,B,F,2022-01-01 00:00:00,2022-12-31 00:00:00,2022-01-20 00:00:00,345.0,False
122,208,,PORTUGUÊS,3.0,1º SEMESTRE,261,2,19.0,B,F,2022-01-01 00:00:00,2022-12-31 00:00:00,2022-01-21 00:00:00,344.0,False
345,286,Mudou de bairro/cidade/distância,INGLÊS,4.0,DIAGNOSTICA 1,278,1,15.0,P,F,2022-01-01 00:00:00,2022-08-01 00:00:00,2022-02-25 00:00:00,157.0,True
26,303,,INGLÊS,10.0,2º SEMESTRE,280,3,19.0,B,F,2022-01-01 00:00:00,2022-12-31 00:00:00,2022-02-28 00:00:00,306.0,False
121,255,,INGLÊS,5.0,DIAGNOSTICA 1,254,1,18.0,B,F,2022-01-01 00:00:00,2022-12-31 00:00:00,2022-01-21 00:00:00,344.0,False
141,201,,INGLÊS,9.0,MÉDIA ANUAL,258,6,16.0,R,F,2022-01-01 00:00:00,2022-12-31 00:00:00,2022-01-21 00:00:00,344.0,False
139,234,,INGLÊS,4.5,DIAGNOSTICA 1,278,1,16.0,B,F,2022-01-01 00:00:00,2022-12-31 00:00:00,2022-02-27 00:00:00,307.0,False
261,174,,MATEMÁTICA,6.5,2º SEMESTRE,238,3,14.0,R,M,2022-01-01 00:00:00,2022-12-31 00:00:00,2022-03-07 00:00:00,299.0,False
322,276,,INGLÊS,2.5,1º SEMESTRE,279,2,16.0,R,M,2022-01-01 00:00:00,2022-12-31 00:00:00,2022-02-25 00:00:00,309.0,False
356,193,,MATEMÁTICA,6.5,2º SEMESTRE,244,3,16.0,B,F,2022-01-01 00:00:00,2022-12-31 00:00:00,2022-02-02 00:00:00,332.0,False
336,174,,PORTUGUÊS,9.0,DIAGNOSTICA 2,239,4,14.0,B,F,2022-01-01 00:00:00,2022-12-31 00:00:00,2022-02-10 00:00:00,324.0,False
147,249,,PORTUGUÊS,8.0,MÉDIA ANUAL,252,6,18.0,R,M,2022-01-01 00:00:00,2022-12-31 00:00:00,2022-01-19 00:00:00,346.0,False
113,208,,INGLÊS,0.0,DIAGNOSTICA 2,263,4,19.0,B,F,2022-01-01 00:00:00,2022-12-31 00:00:00,2022-02-03 00:00:00,331.0,False
207,185,,PORTUGUÊS,4.5,MÉDIA ANUAL,246,6,15.0,P,M,2022-01-01 00:00:00,2022-12-31 00:00:00,2022-01-20 00:00:00,345.0,False
260,205,,INGLÊS,0.0,DIAGNOSTICA 1,248,1,16.0,R,F,2022-01-01 00:00:00,2022-12-31 00:00:00,2022-04-28 00:00:00,247.0,False
219,274,,INGLÊS,3.0,MÉDIA DIAGNÓSTICA,283,5,15.0,B,F,2022-01-01 00:00:00,2022-12-31 00:00:00,2022-02-25 00:00:00,309.0,False
17,210,,INGLÊS,1.0,MÉDIA DIAGNÓSTICA,271,5,19.0,B,F,2022-01-01 00:00:00,2022-12-31 00:00:00,2022-01-21 00:00:00,344.0,False
32,286,,INGLÊS,0.0,DIAGNOSTICA 2,281,4,19.0,B,F,2022-01-01 00:00:00,2022-12-31 00:00:00,2022-02-27 00:00:00,307.0,False
219,185,,MATEMÁTICA,6.0,MÉDIA DIAGNÓSTICA,247,5,15.0,B,F,2022-01-01 00:00:00,2022-12-31 00:00:00,2022-01-20 00:00:00,345.0,False
259,172,,MATEMÁTICA,4.0,DIAGNOSTICA 1,236,1,14.0,B,F,2022-01-01 00:00:00,2022-12-31 00:00:00,2022-01-21 00:00:00,344.0,False
257,416,,PORTUGUÊS,7.5,DIAGNOSTICA 2,245,4,16.0,R,F,2022-01-01 00:00:00,2022-12-31 00:00:00,2022-01-20 00:00:00,345.0,False
134,201,,PORTUGUÊS,7.0,MÉDIA ANUAL,258,6,17.0,R,F,2022-01-01 00:00:00,2022-12-31 00:00:00,2022-01-21 00:00:00,344.0,False
105,202,,MATEMÁTICA,5.5,MÉDIA DIAGNÓSTICA,259,5,17.0,B,F,2022-01-01 00:00:00,2022-12-31 00:00:00,2022-01-20 00:00:00,345.0,False
285,205,,MATEMÁTICA,8.5,2º SEMESTRE,250,3,15.0,R,F,2022-01-01 00:00:00,2022-12-31 00:00:00,2022-06-03 00:00:00,211.0,False
102,278,Conflito com horário escolar / período integral,INGLÊS,4.5,DIAGNOSTICA 1,278,1,18.0,R,F,2022-01-01 00:00:00,2022-07-03 00:00:00,2022-02-27 00:00:00,126.0,True
259,172,,MATEMÁTICA,5.5,MÉDIA DIAGNÓSTICA,241,5,14.0,B,F,2022-01-01 00:00:00,2022-12-31 00:00:00,2022-01-21 00:00:00,344.0,False
24,210,,INGLÊS,0.0,DIAGNOSTICA 2,269,4,19.0,R,F,2022-01-01 00:00:00,2022-12-31 00:00:00,2022-02-18 00:00:00,316.0,False
25,210,,INGLÊS,3.0,MÉDIA DIAGNÓSTICA,271,5,20.0,P,F,2022-01-01 00:00:00,2022-12-31 00:00:00,2022-01-20 00:00:00,345.0,False
274,185,,MATEMÁTICA,6.5,2º SEMESTRE,244,3,15.0,P,M,2022-01-01 00:00:00,2022-12-31 00:00:00,2022-01-20 00:00:00,345.0,False
192,170,,MATEMÁTICA,0.0,2º SEMESTRE,238,3,15.0,B,M,2022-01-01 00:00:00,2022-12-31 00:00:00,2022-01-20 00:00:00,345.0,False
305,186,,PORTUGUÊS,4.5,2º SEMESTRE,244,3,17.0,R,M,2022-01-01 00:00:00,2022-12-31 00:00:00,2022-01-20 00:00:00,345.0,False
250,185,,PORTUGUÊS,7.0,MÉDIA ANUAL,246,6,14.0,B,F,2022-01-01 00:00:00,2022-12-31 00:00:00,2022-01-20 00:00:00,345.0,False
227,415,,PORTUGUÊS,8.0,DIAGNOSTICA 2,239,4,14.0,P,F,2022-01-01 00:00:00,2022-12-31 00:00:00,2022-01-21 00:00:00,344.0,False
355,207,,MATEMÁTICA,8.0,2º SEMESTRE,250,3,16.0,R,M,2022-01-01 00:00:00,2022-12-31 00:00:00,2022-01-21 00:00:00,344.0,False
246,273,,INGLÊS,9.5,1º SEMESTRE,279,2,14.0,B,M,2022-01-01 00:00:00,2022-12-31 00:00:00,2022-02-25 00:00:00,309.0,False
139,201,,PORTUGUÊS,3.0,MÉDIA DIAGNÓSTICA,259,5,16.0,B,F,2022-01-01 00:00:00,2022-12-31 00:00:00,2022-01-21 00:00:00,344.0,False
272,194,,PORTUGUÊS,2.0,DIAGNOSTICA 2,245,4,15.0,B,M,2022-01-01 00:00:00,2022-12-31 00:00:00,2022-07-23 13:41:00,160.0,False
120,208,,INGLÊS,5.0,MÉDIA DIAGNÓSTICA,265,5,18.0,R,F,2022-01-01 00:00:00,2022-12-31 00:00:00,2022-01-18 00:00:00,347.0,False
3,210,,INGLÊS,8.0,2º SEMESTRE,268,3,19.0,R,F,2022-01-01 00:00:00,2022-12-31 00:00:00,2022-01-20 00:00:00,345.0,False
103,199,,PORTUGUÊS,5.5,DIAGNOSTICA 1,254,1,18.0,R,M,2022-01-01 00:00:00,2022-12-31 00:00:00,2022-01-20 00:00:00,345.0,False
263,194,,MATEMÁTICA,0.0,DIAGNOSTICA 1,242,1,14.0,R,M,2022-01-01 00:00:00,2022-12-31 00:00:00,2022-01-21 00:00:00,344.0,False
142,207,,PORTUGUÊS,6.0,DIAGNOSTICA 1,248,1,16.0,B,F,2022-01-01 00:00:00,2022-12-31 00:00:00,2022-01-21 00:00:00,344.0,False
179,266,,INGLÊS,0.0,1º SEMESTRE,249,2,16.0,B,F,2022-01-01 00:00:00,2022-12-31 00:00:00,2022-02-08 00:00:00,326.0,False
168,278,,INGLÊS,7.5,2º SEMESTRE,280,3,17.0,R,F,2022-01-01 00:00:00,2022-12-31 00:00:00,2022-03-02 00:00:00,304.0,False
149,249,,MATEMÁTICA,9.0,DIAGNOSTICA 2,251,4,17.0,R,F,2022-01-01 00:00:00,2022-12-31 00:00:00,2022-01-19 00:00:00,346.0,False
251,255,,INGLÊS,7.0,1º SEMESTRE,255,2,17.0,R,M,2022-01-01 00:00:00,2022-12-31 00:00:00,2022-01-20 00:00:00,345.0,False
272,194,,INGLÊS,4.0,DIAGNOSTICA 2,245,4,15.0,B,M,2022-01-01 00:00:00,2022-12-31 00:00:00,2022-07-23 13:41:00,160.0,False
233,277,,INGLÊS,5.0,MÉDIA DIAGNÓSTICA,283,5,15.0,B,F,2022-01-01 00:00:00,2022-12-31 00:00:00,2022-03-04 00:00:00,302.0,False
258,277,Não se adaptou as aulas/não acompanhou,INGLÊS,0.0,1º SEMESTRE,279,2,15.0,R,F,2022-01-01 00:00:00,2022-09-16 17:55:00,2022-07-23 19:17:00,54.0,True
279,186,Falta de retorno as nossas tentativas de contato,PORTUGUÊS,0.0,1º SEMESTRE,243,2,17.0,R,M,2022-01-01 00:00:00,2022-08-31 19:00:00,2022-01-20 00:00:00,223.0,True
179,266,,PORTUGUÊS,5.5,DIAGNOSTICA 1,248,1,16.0,B,F,2022-01-01 00:00:00,2022-12-31 00:00:00,2022-02-08 00:00:00,326.0,False
153,409,,PORTUGUÊS,4.0,1º SEMESTRE,255,2,18.0,B,M,2022-01-01 00:00:00,2022-12-31 00:00:00,2022-02-25 00:00:00,309.0,False
45,452,,INGLÊS,6.0,DIAGNOSTICA 2,281,4,23.0,R,F,2022-01-01 00:00:00,2022-12-31 00:00:00,2022-12-12 17:39:00,18.0,False
356,193,,MATEMÁTICA,5.0,1º SEMESTRE,243,2,16.0,B,F,2022-01-01 00:00:00,2022-12-31 00:00:00,2022-02-02 00:00:00,332.0,False
133,201,,PORTUGUÊS,8.5,2º SEMESTRE,256,3,16.0,B,F,2022-01-01 00:00:00,2022-12-31 00:00:00,2022-01-21 00:00:00,344.0,False
352,249,,INGLÊS,5.0,MÉDIA DIAGNÓSTICA,253,5,17.0,R,F,2022-01-01 00:00:00,2022-12-31 00:00:00,2022-01-19 00:00:00,346.0,False
260,205,,PORTUGUÊS,7.5,MÉDIA ANUAL,252,6,16.0,R,F,2022-01-01 00:00:00,2022-12-31 00:00:00,2022-04-28 00:00:00,247.0,False
245,169,,MATEMÁTICA,1.5,DIAGNOSTICA 1,236,1,16.0,R,F,2022-01-01 00:00:00,2022-12-31 00:00:00,2022-01-20 00:00:00,345.0,False
347,249,,MATEMÁTICA,0.0,1º SEMESTRE,249,2,16.0,R,F,2022-01-01 00:00:00,2022-12-31 00:00:00,2022-01-19 00:00:00,346.0,False
231,415,,PORTUGUÊS,5.5,2º SEMESTRE,238,3,14.0,B,F,2022-01-01 00:00:00,2022-12-31 00:00:00,2022-01-21 00:00:00,344.0,False
263,194,,PORTUGUÊS,6.0,MÉDIA ANUAL,246,6,14.0,R,M,2022-01-01 00:00:00,2022-12-31 00:00:00,2022-01-21 00:00:00,344.0,False
167,202,,INGLÊS,3.0,DIAGNOSTICA 1,254,1,18.0,B,F,2022-01-01 00:00:00,2022-12-31 00:00:00,2022-01-20 00:00:00,345.0,False
162,205,,INGLÊS,7.5,2º SEMESTRE,250,3,18.0,R,F,2022-01-01 00:00:00,2022-12-31 00:00:00,2022-03-09 00:00:00,297.0,False
151,201,,PORTUGUÊS,8.5,2º SEMESTRE,256,3,15.0,B,F,2022-01-01 00:00:00,2022-12-31 00:00:00,2022-03-02 00:00:00,304.0,False
27,210,,INGLÊS,4.0,DIAGNOSTICA 1,266,1,19.0,R,M,2022-01-01 00:00:00,2022-12-31 00:00:00,2022-02-14 00:00:00,320.0,False
28,303,,INGLÊS,4.0,DIAGNOSTICA 1,278,1,19.0,R,F,2022-01-01 00:00:00,2022-12-31 00:00:00,2022-02-28 00:00:00,306.0,False
95,409,,PORTUGUÊS,2.5,MÉDIA DIAGNÓSTICA,259,5,19.0,P,F,2022-01-01 00:00:00,2022-12-31 00:00:00,2022-07-23 15:04:00,160.0,False
104,199,,INGLÊS,0.0,DIAGNOSTICA 1,254,1,17.0,R,M,2022-01-01 00:00:00,2022-12-31 00:00:00,2022-01-20 00:00:00,345.0,False
45,452,,INGLÊS,6.0,1º SEMESTRE,279,2,23.0,R,F,2022-01-01 00:00:00,2022-12-31 00:00:00,2022-12-12 17:39:00,18.0,False
149,249,,INGLÊS,5.0,DIAGNOSTICA 2,251,4,17.0,R,F,2022-01-01 00:00:00,2022-12-31 00:00:00,2022-01-19 00:00:00,346.0,False
26,210,,PORTUGUÊS,5.0,2º SEMESTRE,268,3,19.0,B,F,2022-01-01 00:00:00,2022-12-31 00:00:00,2022-01-18 00:00:00,347.0,False
147,297,,INGLÊS,7.5,MÉDIA ANUAL,282,6,18.0,R,M,2022-01-01 00:00:00,2022-12-31 00:00:00,2022-02-27 00:00:00,307.0,False
356,283,,INGLÊS,8.0,1º SEMESTRE,279,2,16.0,B,F,2022-01-01 00:00:00,2022-12-31 00:00:00,2022-02-25 00:00:00,309.0,False
182,266,,MATEMÁTICA,5.5,MÉDIA ANUAL,252,6,17.0,R,F,2022-01-01 00:00:00,2022-12-31 00:00:00,2022-01-20 00:00:00,345.0,False
209,256,,PORTUGUÊS,0.0,DIAGNOSTICA 1,242,1,15.0,B,F,2022-01-01 00:00:00,2022-12-31 00:00:00,2022-05-27 00:00:00,218.0,False
171,203,,MATEMÁTICA,5.0,DIAGNOSTICA 2,251,4,18.0,R,F,2022-01-01 00:00:00,2022-12-31 00:00:00,2022-01-20 00:00:00,345.0,False
352,249,,INGLÊS,5.5,DIAGNOSTICA 2,251,4,17.0,R,F,2022-01-01 00:00:00,2022-12-31 00:00:00,2022-01-19 00:00:00,346.0,False
28,210,,MATEMÁTICA,7.5,1º SEMESTRE,267,2,19.0,R,F,2022-01-01 00:00:00,2022-12-31 00:00:00,2022-01-20 00:00:00,345.0,False
239,452,,INGLÊS,1.5,MÉDIA ANUAL,282,6,16.0,B,M,2022-01-01 00:00:00,2022-12-31 00:00:00,2022-07-23 19:41:00,160.0,False
17,210,,MATEMÁTICA,2.0,MÉDIA ANUAL,270,6,19.0,B,F,2022-01-01 00:00:00,2022-12-31 00:00:00,2022-01-21 00:00:00,344.0,False
120,208,,INGLÊS,2.5,DIAGNOSTICA 1,260,1,18.0,R,F,2022-01-01 00:00:00,2022-12-31 00:00:00,2022-01-18 00:00:00,347.0,False
108,208,,INGLÊS,9.5,1º SEMESTRE,261,2,18.0,R,F,2022-01-01 00:00:00,2022-12-31 00:00:00,2022-01-20 00:00:00,345.0,False
158,201,,PORTUGUÊS,5.5,1º SEMESTRE,255,2,18.0,B,M,2022-01-01 00:00:00,2022-12-31 00:00:00,2022-01-21 00:00:00,344.0,False
344,174,,MATEMÁTICA,3.5,2º SEMESTRE,238,3,14.0,B,F,2022-01-01 00:00:00,2022-12-31 00:00:00,2022-01-20 00:00:00,345.0,False
342,177,,PORTUGUÊS,7.0,1º SEMESTRE,237,2,14.0,B,M,2022-01-01 00:00:00,2022-12-31 00:00:00,2022-01-20 00:00:00,345.0,False
179,452,,INGLÊS,0.0,1º SEMESTRE,279,2,16.0,B,F,2022-01-01 00:00:00,2022-12-31 00:00:00,2022-03-04 00:00:00,302.0,False
161,200,,MATEMÁTICA,9.5,MÉDIA ANUAL,258,6,16.0,R,F,2022-01-01 00:00:00,2022-12-31 00:00:00,2022-01-18 00:00:00,347.0,False
120,278,,INGLÊS,7.5,DIAGNOSTICA 2,281,4,18.0,R,F,2022-01-01 00:00:00,2022-12-31 00:00:00,2022-02-27 00:00:00,307.0,False
26,303,,INGLÊS,10.0,MÉDIA ANUAL,282,6,19.0,B,F,2022-01-01 00:00:00,2022-12-31 00:00:00,2022-02-28 00:00:00,306.0,False
359,159,,MATEMÁTICA,3.0,MÉDIA DIAGNÓSTICA,235,5,11.0,R,F,2022-01-01 00:00:00,2022-12-31 00:00:00,2022-01-20 00:00:00,345.0,False
96,208,,PORTUGUÊS,7.0,MÉDIA DIAGNÓSTICA,265,5,19.0,B,F,2022-01-01 00:00:00,2022-12-31 00:00:00,2022-01-20 00:00:00,345.0,False
333,274,,INGLÊS,3.0,MÉDIA ANUAL,282,6,15.0,R,M,2022-01-01 00:00:00,2022-12-31 00:00:00,2022-02-24 00:00:00,310.0,False
297,291,,INGLÊS,5.5,DIAGNOSTICA 2,281,4,15.0,B,M,2022-01-01 00:00:00,2022-12-31 00:00:00,2022-02-25 00:00:00,309.0,False
301,189,,INGLÊS,9.5,2º SEMESTRE,244,3,15.0,B,M,2022-01-01 00:00:00,2022-12-31 00:00:00,2022-01-18 00:00:00,347.0,False
240,194,,INGLÊS,0.0,MÉDIA DIAGNÓSTICA,247,5,15.0,R,M,2022-01-01 00:00:00,2022-12-31 00:00:00,2022-07-23 13:39:00,160.0,False
321,242,,INGLÊS,1.5,DIAGNOSTICA 1,242,1,17.0,B,F,2022-01-01 00:00:00,2022-12-31 00:00:00,2022-01-18 00:00:00,347.0,False
27,303,,INGLÊS,8.0,1º SEMESTRE,279,2,19.0,R,M,2022-01-01 00:00:00,2022-12-31 00:00:00,2022-02-28 00:00:00,306.0,False
165,199,,PORTUGUÊS,7.0,1º SEMESTRE,255,2,15.0,R,M,2022-01-01 00:00:00,2022-12-31 00:00:00,2022-01-21 00:00:00,344.0,False
317,189,,INGLÊS,6.5,MÉDIA ANUAL,246,6,14.0,R,F,2022-01-01 00:00:00,2022-12-31 00:00:00,2022-03-07 00:00:00,299.0,False
32,208,,PORTUGUÊS,2.0,DIAGNOSTICA 1,260,1,19.0,B,F,2022-01-01 00:00:00,2022-12-31 00:00:00,2022-01-18 00:00:00,347.0,False
93,211,,INGLÊS,0.0,MÉDIA DIAGNÓSTICA,271,5,17.0,B,F,2022-01-01 00:00:00,2022-12-31 00:00:00,2022-01-21 00:00:00,344.0,False
201,273,,INGLÊS,5.0,DIAGNOSTICA 2,281,4,14.0,B,F,2022-01-01 00:00:00,2022-12-31 00:00:00,2022-02-24 00:00:00,310.0,False
30,210,,PORTUGUÊS,6.0,MÉDIA DIAGNÓSTICA,271,5,19.0,R,F,2022-01-01 00:00:00,2022-12-31 00:00:00,2022-01-18 00:00:00,347.0,False
356,283,,INGLÊS,1.5,DIAGNOSTICA 1,278,1,16.0,B,F,2022-01-01 00:00:00,2022-12-31 00:00:00,2022-02-25 00:00:00,309.0,False
340,177,,MATEMÁTICA,2.5,DIAGNOSTICA 1,236,1,16.0,P,F,2022-01-01 00:00:00,2022-12-31 00:00:00,2022-01-20 00:00:00,345.0,False
348,183,,PORTUGUÊS,9.5,2º SEMESTRE,238,3,15.0,B,F,2022-01-01 00:00:00,2022-12-31 00:00:00,2022-06-01 00:00:00,213.0,False
186,185,,INGLÊS,7.5,2º SEMESTRE,244,3,13.0,R,M,2022-01-01 00:00:00,2022-12-31 00:00:00,2022-01-20 00:00:00,345.0,False
325,177,,PORTUGUÊS,2.0,MÉDIA ANUAL,240,6,15.0,B,M,2022-01-01 00:00:00,2022-12-31 00:00:00,2022-02-03 00:00:00,331.0,False
93,286,,INGLÊS,5.0,MÉDIA ANUAL,282,6,17.0,B,F,2022-01-01 00:00:00,2022-12-31 00:00:00,2022-04-05 00:00:00,270.0,False
221,188,,PORTUGUÊS,6.0,DIAGNOSTICA 1,242,1,16.0,B,F,2022-01-01 00:00:00,2022-12-31 00:00:00,2022-01-20 00:00:00,345.0,False
28,210,,INGLÊS,4.0,DIAGNOSTICA 2,269,4,19.0,R,F,2022-01-01 00:00:00,2022-12-31 00:00:00,2022-01-20 00:00:00,345.0,False
202,186,,INGLÊS,8.5,2º SEMESTRE,244,3,14.0,B,M,2022-01-01 00:00:00,2022-12-31 00:00:00,2022-01-20 00:00:00,345.0,False
307,203,,PORTUGUÊS,4.5,DIAGNOSTICA 1,248,1,16.0,R,F,2022-01-01 00:00:00,2022-12-31 00:00:00,2022-01-20 00:00:00,345.0,False
246,273,,INGLÊS,8.5,DIAGNOSTICA 2,281,4,14.0,B,M,2022-01-01 00:00:00,2022-12-31 00:00:00,2022-02-25 00:00:00,309.0,False
154,409,,PORTUGUÊS,5.0,DIAGNOSTICA 1,254,1,17.0,B,F,2022-01-01 00:00:00,2022-12-31 00:00:00,2022-01-21 00:00:00,344.0,False
99,278,,INGLÊS,7.0,1º SEMESTRE,279,2,19.0,R,F,2022-01-01 00:00:00,2022-12-31 00:00:00,2022-02-27 00:00:00,307.0,False
183,185,Outras prioridades/trabalho,PORTUGUÊS,5.0,DIAGNOSTICA 1,242,1,14.0,B,M,2022-01-01 00:00:00,2022-08-10 12:16:00,2022-01-20 00:00:00,202.0,True
103,199,,MATEMÁTICA,9.5,MÉDIA ANUAL,258,6,18.0,R,M,2022-01-01 00:00:00,2022-12-31 00:00:00,2022-01-20 00:00:00,345.0,False
121,234,,INGLÊS,8.0,MÉDIA ANUAL,282,6,18.0,B,F,2022-01-01 00:00:00,2022-12-31 00:00:00,2022-02-27 00:00:00,307.0,False
105,202,,INGLÊS,5.0,MÉDIA DIAGNÓSTICA,259,5,17.0,B,F,2022-01-01 00:00:00,2022-12-31 00:00:00,2022-01-20 00:00:00,345.0,False
304,256,,INGLÊS,8.5,2º SEMESTRE,244,3,15.0,B,F,2022-01-01 00:00:00,2022-12-31 00:00:00,2022-01-19 00:00:00,346.0,False
113,208,,MATEMÁTICA,6.5,DIAGNOSTICA 1,260,1,19.0,B,F,2022-01-01 00:00:00,2022-12-31 00:00:00,2022-02-03 00:00:00,331.0,False
145,202,,MATEMÁTICA,0.0,DIAGNOSTICA 1,254,1,18.0,B,M,2022-01-01 00:00:00,2022-12-31 00:00:00,2022-01-20 00:00:00,345.0,False
134,234,,INGLÊS,8.0,DIAGNOSTICA 2,281,4,17.0,R,F,2022-01-01 00:00:00,2022-12-31 00:00:00,2022-02-27 00:00:00,307.0,False
228,180,,PORTUGUÊS,9.5,DIAGNOSTICA 1,236,1,13.0,R,M,2022-01-01 00:00:00,2022-12-31 00:00:00,2022-01-21 00:00:00,344.0,False
347,249,,MATEMÁTICA,0.0,DIAGNOSTICA 1,248,1,16.0,R,F,2022-01-01 00:00:00,2022-12-31 00:00:00,2022-01-19 00:00:00,346.0,False
239,194,,PORTUGUÊS,3.5,MÉDIA DIAGNÓSTICA,247,5,16.0,B,M,2022-01-01 00:00:00,2022-12-31 00:00:00,2022-07-23 13:38:00,160.0,False
341,190,,PORTUGUÊS,5.0,DIAGNOSTICA 1,242,1,14.0,P,F,2022-01-01 00:00:00,2022-12-31 00:00:00,2022-01-18 00:00:00,347.0,False
247,170,,PORTUGUÊS,7.5,DIAGNOSTICA 2,239,4,16.0,B,F,2022-01-01 00:00:00,2022-12-31 00:00:00,2022-01-20 00:00:00,345.0,False
320,247,,MATEMÁTICA,0.5,2º SEMESTRE,238,3,13.0,B,F,2022-01-01 00:00:00,2022-12-31 00:00:00,2022-01-19 00:00:00,346.0,False
27,210,,PORTUGUÊS,2.0,2º SEMESTRE,268,3,19.0,R,M,2022-01-01 00:00:00,2022-12-31 00:00:00,2022-02-14 00:00:00,320.0,False
195,183,,PORTUGUÊS,3.5,MÉDIA DIAGNÓSTICA,241,5,15.0,R,F,2022-01-01 00:00:00,2022-12-31 00:00:00,2022-01-19 00:00:00,346.0,False
149,249,,PORTUGUÊS,7.0,DIAGNOSTICA 2,251,4,17.0,R,F,2022-01-01 00:00:00,2022-12-31 00:00:00,2022-01-19 00:00:00,346.0,False
45,196,,INGLÊS,6.0,PROGRESSÃO,325,7,23.0,R,F,2022-01-01 00:00:00,2022-12-31 00:00:00,2022-01-24 00:00:00,341.0,False
208,187,,MATEMÁTICA,6.5,2º SEMESTRE,244,3,16.0,B,M,2022-01-01 00:00:00,2022-12-31 00:00:00,2022-01-20 00:00:00,345.0,False
106,208,,PORTUGUÊS,5.5,MÉDIA ANUAL,264,6,18.0,P,M,2022-01-01 00:00:00,2022-12-31 00:00:00,2022-01-20 00:00:00,345.0,False
211,247,,MATEMÁTICA,9.5,2º SEMESTRE,238,3,14.0,R,M,2022-01-01 00:00:00,2022-12-31 00:00:00,2022-01-19 00:00:00,346.0,False
241,179,,MATEMÁTICA,1.5,MÉDIA DIAGNÓSTICA,241,5,14.0,B,F,2022-01-01 00:00:00,2022-12-31 00:00:00,2022-01-21 00:00:00,344.0,False
24,210,,MATEMÁTICA,1.0,1º SEMESTRE,267,2,19.0,R,F,2022-01-01 00:00:00,2022-12-31 00:00:00,2022-02-18 00:00:00,316.0,False
219,185,,MATEMÁTICA,8.5,DIAGNOSTICA 2,245,4,15.0,B,F,2022-01-01 00:00:00,2022-12-31 00:00:00,2022-01-20 00:00:00,345.0,False
215,160,,MATEMÁTICA,3.0,MÉDIA DIAGNÓSTICA,235,5,12.0,B,F,2022-01-01 00:00:00,2022-12-31 00:00:00,2022-07-16 14:17:00,167.0,False
334,276,,INGLÊS,0.0,DIAGNOSTICA 2,281,4,16.0,B,F,2022-01-01 00:00:00,2022-12-31 00:00:00,2022-02-25 00:00:00,309.0,False
243,199,,PORTUGUÊS,8.0,1º SEMESTRE,255,2,17.0,B,M,2022-01-01 00:00:00,2022-12-31 00:00:00,2022-01-20 00:00:00,345.0,False
295,178,,MATEMÁTICA,3.5,1º SEMESTRE,237,2,18.0,R,F,2022-01-01 00:00:00,2022-12-31 00:00:00,2022-01-18 00:00:00,347.0,False
184,169,,MATEMÁTICA,0.0,2º SEMESTRE,238,3,12.0,P,M,2022-01-01 00:00:00,2022-12-31 00:00:00,2022-02-03 00:00:00,331.0,False
156,255,,PORTUGUÊS,4.0,MÉDIA DIAGNÓSTICA,259,5,16.0,B,M,2022-01-01 00:00:00,2022-12-31 00:00:00,2022-01-21 00:00:00,344.0,False
223,180,,PORTUGUÊS,8.0,2º SEMESTRE,238,3,14.0,B,F,2022-01-01 00:00:00,2022-12-31 00:00:00,2022-01-21 00:00:00,344.0,False
171,273,,INGLÊS,7.5,1º SEMESTRE,279,2,18.0,R,F,2022-01-01 00:00:00,2022-12-31 00:00:00,2022-02-27 00:00:00,307.0,False
187,172,,MATEMÁTICA,5.5,MÉDIA DIAGNÓSTICA,241,5,14.0,R,M,2022-01-01 00:00:00,2022-12-31 00:00:00,2022-01-20 00:00:00,345.0,False
178,425,,INGLÊS,4.5,MÉDIA DIAGNÓSTICA,283,5,17.0,R,F,2022-01-01 00:00:00,2022-12-31 00:00:00,2022-02-27 00:00:00,307.0,False
294,291,,INGLÊS,3.5,DIAGNOSTICA 1,278,1,15.0,B,M,2022-01-01 00:00:00,2022-12-31 00:00:00,2022-02-25 00:00:00,309.0,False
303,419,,MATEMÁTICA,5.5,2º SEMESTRE,244,3,15.0,B,M,2022-01-01 00:00:00,2022-12-31 00:00:00,2022-01-19 00:00:00,346.0,False
271,186,,PORTUGUÊS,4.0,MÉDIA ANUAL,246,6,17.0,B,M,2022-01-01 00:00:00,2022-12-31 00:00:00,2022-01-20 00:00:00,345.0,False
276,273,,INGLÊS,5.0,DIAGNOSTICA 1,278,1,15.0,R,F,2022-01-01 00:00:00,2022-12-31 00:00:00,2022-02-24 00:00:00,310.0,False
339,177,,PORTUGUÊS,10.0,DIAGNOSTICA 1,236,1,14.0,A,F,2022-01-01 00:00:00,2022-12-31 00:00:00,2022-01-18 00:00:00,347.0,False
247,170,,MATEMÁTICA,6.5,MÉDIA ANUAL,240,6,16.0,B,F,2022-01-01 00:00:00,2022-12-31 00:00:00,2022-01-20 00:00:00,345.0,False
98,202,Outras prioridades/trabalho,MATEMÁTICA,4.5,DIAGNOSTICA 1,254,1,18.0,R,M,2022-01-01 00:00:00,2022-07-29 00:00:00,2022-01-20 00:00:00,190.0,True
244,199,Outras prioridades/trabalho,MATEMÁTICA,0.0,DIAGNOSTICA 1,254,1,18.0,B,M,2022-01-01 00:00:00,2022-06-10 00:00:00,2022-02-02 00:00:00,128.0,True
342,177,,MATEMÁTICA,3.5,MÉDIA DIAGNÓSTICA,241,5,14.0,B,M,2022-01-01 00:00:00,2022-12-31 00:00:00,2022-01-20 00:00:00,345.0,False
105,202,,PORTUGUÊS,8.0,MÉDIA ANUAL,258,6,17.0,B,F,2022-01-01 00:00:00,2022-12-31 00:00:00,2022-01-20 00:00:00,345.0,False
352,249,,MATEMÁTICA,5.0,DIAGNOSTICA 2,251,4,17.0,R,F,2022-01-01 00:00:00,2022-12-31 00:00:00,2022-01-19 00:00:00,346.0,False
165,199,,INGLÊS,9.0,MÉDIA ANUAL,258,6,15.0,R,M,2022-01-01 00:00:00,2022-12-31 00:00:00,2022-01-21 00:00:00,344.0,False
186,185,,MATEMÁTICA,3.0,DIAGNOSTICA 1,242,1,13.0,R,M,2022-01-01 00:00:00,2022-12-31 00:00:00,2022-01-20 00:00:00,345.0,False
145,202,,INGLÊS,2.5,MÉDIA DIAGNÓSTICA,259,5,18.0,B,M,2022-01-01 00:00:00,2022-12-31 00:00:00,2022-01-20 00:00:00,345.0,False
346,186,,MATEMÁTICA,5.0,DIAGNOSTICA 1,242,1,14.0,R,F,2022-01-01 00:00:00,2022-12-31 00:00:00,2022-01-18 00:00:00,347.0,False
30,210,,PORTUGUÊS,5.0,DIAGNOSTICA 1,266,1,19.0,R,F,2022-01-01 00:00:00,2022-12-31 00:00:00,2022-01-18 00:00:00,347.0,False
213,266,,INGLÊS,4.0,DIAGNOSTICA 1,248,1,16.0,R,M,2022-01-01 00:00:00,2022-12-31 00:00:00,2022-01-20 00:00:00,345.0,False
101,208,,INGLÊS,10.0,1º SEMESTRE,261,2,18.0,R,M,2022-01-01 00:00:00,2022-12-31 00:00:00,2022-01-20 00:00:00,345.0,False
142,207,,PORTUGUÊS,8.0,MÉDIA ANUAL,252,6,16.0,B,F,2022-01-01 00:00:00,2022-12-31 00:00:00,2022-01-21 00:00:00,344.0,False
176,205,,INGLÊS,5.5,MÉDIA ANUAL,252,6,17.0,R,M,2022-01-01 00:00:00,2022-12-31 00:00:00,2022-01-18 00:00:00,347.0,False
251,255,,MATEMÁTICA,4.5,DIAGNOSTICA 1,254,1,17.0,R,M,2022-01-01 00:00:00,2022-12-31 00:00:00,2022-01-20 00:00:00,345.0,False
225,415,,MATEMÁTICA,9.5,2º SEMESTRE,238,3,13.0,R,M,2022-01-01 00:00:00,2022-12-31 00:00:00,2022-01-21 00:00:00,344.0,False
346,274,,INGLÊS,8.5,2º SEMESTRE,280,3,14.0,R,F,2022-01-01 00:00:00,2022-12-31 00:00:00,2022-02-24 00:00:00,310.0,False
292,185,,INGLÊS,8.5,2º SEMESTRE,244,3,15.0,A,M,2022-01-01 00:00:00,2022-12-31 00:00:00,2022-01-20 00:00:00,345.0,False
225,415,,PORTUGUÊS,0.0,DIAGNOSTICA 1,236,1,13.0,R,M,2022-01-01 00:00:00,2022-12-31 00:00:00,2022-01-21 00:00:00,344.0,False
180,199,,INGLÊS,4.5,MÉDIA DIAGNÓSTICA,259,5,18.0,P,F,2022-01-01 00:00:00,2022-12-31 00:00:00,2022-01-18 00:00:00,347.0,False
105,202,,MATEMÁTICA,7.5,MÉDIA ANUAL,258,6,17.0,B,F,2022-01-01 00:00:00,2022-12-31 00:00:00,2022-01-20 00:00:00,345.0,False
205,170,,MATEMÁTICA,2.0,MÉDIA ANUAL,240,6,14.0,R,M,2022-01-01 00:00:00,2022-12-31 00:00:00,2022-02-02 00:00:00,332.0,False
356,193,,PORTUGUÊS,8.0,MÉDIA ANUAL,246,6,16.0,B,F,2022-01-01 00:00:00,2022-12-31 00:00:00,2022-02-02 00:00:00,332.0,False
272,194,,INGLÊS,0.0,1º SEMESTRE,243,2,15.0,B,M,2022-01-01 00:00:00,2022-12-31 00:00:00,2022-07-23 13:41:00,160.0,False
252,201,,MATEMÁTICA,9.0,2º SEMESTRE,256,3,17.0,R,F,2022-01-01 00:00:00,2022-12-31 00:00:00,2022-01-21 00:00:00,344.0,False
96,208,,INGLÊS,10.0,DIAGNOSTICA 2,263,4,19.0,B,F,2022-01-01 00:00:00,2022-12-31 00:00:00,2022-01-20 00:00:00,345.0,False
136,255,,PORTUGUÊS,6.0,DIAGNOSTICA 1,254,1,16.0,B,F,2022-01-01 00:00:00,2022-12-31 00:00:00,2022-02-03 00:00:00,331.0,False
100,202,,MATEMÁTICA,6.0,DIAGNOSTICA 2,257,4,17.0,R,F,2022-01-01 00:00:00,2022-12-31 00:00:00,2022-01-20 00:00:00,345.0,False
92,270,,INGLÊS,7.5,DIAGNOSTICA 2,275,4,20.0,R,M,2022-01-01 00:00:00,2022-12-31 00:00:00,2022-01-20 00:00:00,345.0,False
232,256,,PORTUGUÊS,8.0,MÉDIA DIAGNÓSTICA,247,5,14.0,B,M,2022-01-01 00:00:00,2022-12-31 00:00:00,2022-01-21 00:00:00,344.0,False
166,211,,INGLÊS,0.0,2º SEMESTRE,268,3,17.0,B,F,2022-01-01 00:00:00,2022-12-31 00:00:00,2022-01-20 00:00:00,345.0,False
249,203,,INGLÊS,6.5,2º SEMESTRE,250,3,16.0,B,F,2022-01-01 00:00:00,2022-12-31 00:00:00,2022-02-03 00:00:00,331.0,False
226,181,,MATEMÁTICA,0.0,MÉDIA DIAGNÓSTICA,241,5,14.0,B,F,2022-01-01 00:00:00,2022-12-31 00:00:00,2022-02-03 00:00:00,331.0,False
204,303,,INGLÊS,7.0,2º SEMESTRE,280,3,15.0,B,F,2022-01-01 00:00:00,2022-12-31 00:00:00,2022-02-24 00:00:00,310.0,False
163,205,,INGLÊS,9.0,MÉDIA ANUAL,252,6,18.0,R,F,2022-01-01 00:00:00,2022-12-31 00:00:00,2022-01-18 00:00:00,347.0,False
136,255,,INGLÊS,6.0,1º SEMESTRE,255,2,16.0,B,F,2022-01-01 00:00:00,2022-12-31 00:00:00,2022-02-03 00:00:00,331.0,False
145,303,,INGLÊS,7.0,MÉDIA ANUAL,282,6,18.0,B,M,2022-01-01 00:00:00,2022-12-31 00:00:00,2022-02-27 00:00:00,307.0,False
172,203,,INGLÊS,5.0,2º SEMESTRE,250,3,16.0,B,F,2022-01-01 00:00:00,2022-12-31 00:00:00,2022-01-20 00:00:00,345.0,False
208,187,,INGLÊS,0.0,DIAGNOSTICA 1,242,1,16.0,B,M,2022-01-01 00:00:00,2022-12-31 00:00:00,2022-01-20 00:00:00,345.0,False
253,188,,MATEMÁTICA,4.5,1º SEMESTRE,243,2,15.0,B,F,2022-01-01 00:00:00,2022-12-31 00:00:00,2022-01-20 00:00:00,345.0,False
207,185,,PORTUGUÊS,2.0,DIAGNOSTICA 1,242,1,15.0,P,M,2022-01-01 00:00:00,2022-12-31 00:00:00,2022-01-20 00:00:00,345.0,False
113,208,,PORTUGUÊS,1.0,DIAGNOSTICA 1,260,1,19.0,B,F,2022-01-01 00:00:00,2022-12-31 00:00:00,2022-02-03 00:00:00,331.0,False
147,249,,PORTUGUÊS,7.0,1º SEMESTRE,249,2,18.0,R,M,2022-01-01 00:00:00,2022-12-31 00:00:00,2022-01-19 00:00:00,346.0,False
272,194,,INGLÊS,2.0,MÉDIA DIAGNÓSTICA,247,5,15.0,B,M,2022-01-01 00:00:00,2022-12-31 00:00:00,2022-07-23 13:41:00,160.0,False
272,194,,MATEMÁTICA,6.0,MÉDIA ANUAL,246,6,15.0,B,M,2022-01-01 00:00:00,2022-12-31 00:00:00,2022-07-23 13:41:00,160.0,False
131,278,,INGLÊS,7.0,2º SEMESTRE,280,3,19.0,P,F,2022-01-01 00:00:00,2022-12-31 00:00:00,2022-02-28 00:00:00,306.0,False
209,256,,MATEMÁTICA,4.5,2º SEMESTRE,244,3,15.0,B,F,2022-01-01 00:00:00,2022-12-31 00:00:00,2022-05-27 00:00:00,218.0,False
253,274,,INGLÊS,5.0,MÉDIA DIAGNÓSTICA,283,5,15.0,B,F,2022-01-01 00:00:00,2022-12-31 00:00:00,2022-02-25 00:00:00,309.0,False
358,159,,MATEMÁTICA,7.5,MÉDIA DIAGNÓSTICA,235,5,11.0,R,M,2022-01-01 00:00:00,2022-12-31 00:00:00,2022-01-20 00:00:00,345.0,False
270,281,,INGLÊS,0.0,1º SEMESTRE,279,2,16.0,P,M,2022-01-01 00:00:00,2022-12-31 00:00:00,2022-07-23 18:38:00,160.0,False
92,270,,INGLÊS,1.5,MÉDIA ANUAL,276,6,20.0,R,M,2022-01-01 00:00:00,2022-12-31 00:00:00,2022-01-20 00:00:00,345.0,False
252,201,,PORTUGUÊS,6.0,MÉDIA DIAGNÓSTICA,259,5,17.0,R,F,2022-01-01 00:00:00,2022-12-31 00:00:00,2022-01-21 00:00:00,344.0,False
149,249,,PORTUGUÊS,7.0,MÉDIA DIAGNÓSTICA,253,5,17.0,R,F,2022-01-01 00:00:00,2022-12-31 00:00:00,2022-01-19 00:00:00,346.0,False
109,208,,MATEMÁTICA,10.0,2º SEMESTRE,262,3,19.0,B,F,2022-01-01 00:00:00,2022-12-31 00:00:00,2022-01-20 00:00:00,345.0,False
288,174,,PORTUGUÊS,7.0,2º SEMESTRE,238,3,14.0,B,F,2022-01-01 00:00:00,2022-12-31 00:00:00,2022-01-18 10:54:00,346.0,False
151,201,,INGLÊS,10.0,MÉDIA ANUAL,258,6,15.0,B,F,2022-01-01 00:00:00,2022-12-31 00:00:00,2022-03-02 00:00:00,304.0,False
332,190,,PORTUGUÊS,2.0,1º SEMESTRE,243,2,16.0,R,M,2022-01-01 00:00:00,2022-12-31 00:00:00,2022-01-18 00:00:00,347.0,False
296,415,,PORTUGUÊS,7.0,DIAGNOSTICA 1,236,1,14.0,R,F,2022-01-01 00:00:00,2022-12-31 00:00:00,2022-01-21 00:00:00,344.0,False
251,234,,INGLÊS,2.5,DIAGNOSTICA 1,278,1,17.0,R,M,2022-01-01 00:00:00,2022-12-31 00:00:00,2022-02-27 00:00:00,307.0,False
297,291,,INGLÊS,9.0,MÉDIA ANUAL,282,6,15.0,B,M,2022-01-01 00:00:00,2022-12-31 00:00:00,2022-02-25 00:00:00,309.0,False
363,170,,MATEMÁTICA,2.0,MÉDIA DIAGNÓSTICA,241,5,13.0,R,M,2022-01-01 00:00:00,2022-12-31 00:00:00,2022-07-23 12:13:00,160.0,False
181,203,,PORTUGUÊS,5.0,1º SEMESTRE,249,2,17.0,R,F,2022-01-01 00:00:00,2022-12-31 00:00:00,2022-01-20 00:00:00,345.0,False
179,266,,MATEMÁTICA,5.0,2º SEMESTRE,250,3,16.0,B,F,2022-01-01 00:00:00,2022-12-31 00:00:00,2022-02-08 00:00:00,326.0,False
91,200,,PORTUGUÊS,4.5,2º SEMESTRE,256,3,18.0,P,F,2022-01-01 00:00:00,2022-12-31 00:00:00,2022-01-18 00:00:00,347.0,False
358,159,,MATEMÁTICA,9.5,DIAGNOSTICA 2,233,4,11.0,R,M,2022-01-01 00:00:00,2022-12-31 00:00:00,2022-01-20 00:00:00,345.0,False
271,186,,MATEMÁTICA,4.5,2º SEMESTRE,244,3,17.0,B,M,2022-01-01 00:00:00,2022-12-31 00:00:00,2022-01-20 00:00:00,345.0,False
142,207,,INGLÊS,9.5,1º SEMESTRE,249,2,16.0,B,F,2022-01-01 00:00:00,2022-12-31 00:00:00,2022-01-21 00:00:00,344.0,False
196,169,,PORTUGUÊS,7.5,1º SEMESTRE,237,2,14.0,R,M,2022-01-01 00:00:00,2022-12-31 00:00:00,2022-01-20 00:00:00,345.0,False
260,205,,PORTUGUÊS,5.5,MÉDIA DIAGNÓSTICA,253,5,16.0,R,F,2022-01-01 00:00:00,2022-12-31 00:00:00,2022-04-28 00:00:00,247.0,False
303,419,,PORTUGUÊS,5.0,1º SEMESTRE,243,2,15.0,B,M,2022-01-01 00:00:00,2022-12-31 00:00:00,2022-01-19 00:00:00,346.0,False
142,207,,MATEMÁTICA,5.5,MÉDIA ANUAL,252,6,16.0,B,F,2022-01-01 00:00:00,2022-12-31 00:00:00,2022-01-21 00:00:00,344.0,False
154,409,,PORTUGUÊS,4.5,MÉDIA DIAGNÓSTICA,259,5,17.0,B,F,2022-01-01 00:00:00,2022-12-31 00:00:00,2022-01-21 00:00:00,344.0,False
316,247,,MATEMÁTICA,4.0,MÉDIA ANUAL,240,6,14.0,B,F,2022-01-01 00:00:00,2022-12-31 00:00:00,2022-01-19 00:00:00,346.0,False
122,208,,INGLÊS,8.5,MÉDIA ANUAL,264,6,19.0,B,F,2022-01-01 00:00:00,2022-12-31 00:00:00,2022-01-21 00:00:00,344.0,False
333,274,,INGLÊS,1.5,2º SEMESTRE,280,3,15.0,R,M,2022-01-01 00:00:00,2022-12-31 00:00:00,2022-02-24 00:00:00,310.0,False
186,185,,MATEMÁTICA,5.5,MÉDIA DIAGNÓSTICA,247,5,13.0,R,M,2022-01-01 00:00:00,2022-12-31 00:00:00,2022-01-20 00:00:00,345.0,False
105,300,,INGLÊS,9.0,2º SEMESTRE,280,3,17.0,B,F,2022-01-01 00:00:00,2022-12-31 00:00:00,2022-02-27 00:00:00,307.0,False
123,201,,PORTUGUÊS,5.0,MÉDIA DIAGNÓSTICA,259,5,17.0,B,F,2022-01-01 00:00:00,2022-12-31 00:00:00,2022-01-21 00:00:00,344.0,False
145,202,,INGLÊS,4.0,DIAGNOSTICA 1,254,1,18.0,B,M,2022-01-01 00:00:00,2022-12-31 00:00:00,2022-01-20 00:00:00,345.0,False
303,295,,INGLÊS,9.0,DIAGNOSTICA 2,281,4,15.0,B,M,2022-01-01 00:00:00,2022-12-31 00:00:00,2022-02-26 00:00:00,308.0,False
148,286,,INGLÊS,0.0,2º SEMESTRE,280,3,17.0,B,F,2022-01-01 00:00:00,2022-12-31 00:00:00,2022-04-05 00:00:00,270.0,False
131,210,,INGLÊS,5.5,1º SEMESTRE,267,2,19.0,P,F,2022-01-01 00:00:00,2022-12-31 00:00:00,2022-01-20 00:00:00,345.0,False
169,199,,INGLÊS,10.0,MÉDIA ANUAL,258,6,17.0,A,F,2022-01-01 00:00:00,2022-12-31 00:00:00,2022-01-20 00:00:00,345.0,False
98,202,Outras prioridades/trabalho,PORTUGUÊS,2.0,DIAGNOSTICA 1,254,1,18.0,R,M,2022-01-01 00:00:00,2022-07-29 00:00:00,2022-01-20 00:00:00,190.0,True
251,255,,INGLÊS,3.5,MÉDIA DIAGNÓSTICA,259,5,17.0,R,M,2022-01-01 00:00:00,2022-12-31 00:00:00,2022-01-20 00:00:00,345.0,False
139,234,,INGLÊS,0.0,DIAGNOSTICA 2,281,4,16.0,B,F,2022-01-01 00:00:00,2022-12-31 00:00:00,2022-02-27 00:00:00,307.0,False
320,247,,MATEMÁTICA,5.0,DIAGNOSTICA 2,239,4,13.0,B,F,2022-01-01 00:00:00,2022-12-31 00:00:00,2022-01-19 00:00:00,346.0,False
310,194,,PORTUGUÊS,7.0,DIAGNOSTICA 2,245,4,15.0,R,F,2022-01-01 00:00:00,2022-12-31 00:00:00,2022-01-19 00:00:00,346.0,False
3,210,,MATEMÁTICA,6.0,DIAGNOSTICA 2,269,4,19.0,R,F,2022-01-01 00:00:00,2022-12-31 00:00:00,2022-01-20 00:00:00,345.0,False
235,415,,PORTUGUÊS,4.0,1º SEMESTRE,237,2,13.0,R,F,2022-03-24 00:00:00,2022-12-31 00:00:00,2022-01-21 00:00:00,344.0,False
230,180,,MATEMÁTICA,1.5,MÉDIA ANUAL,240,6,13.0,R,F,2022-01-01 00:00:00,2022-12-31 00:00:00,2022-01-20 00:00:00,345.0,False
280,242,,MATEMÁTICA,0.0,DIAGNOSTICA 1,242,1,14.0,B,M,2022-01-01 00:00:00,2022-12-31 00:00:00,2022-01-18 00:00:00,347.0,False
163,205,,PORTUGUÊS,6.0,DIAGNOSTICA 1,248,1,18.0,R,F,2022-01-01 00:00:00,2022-12-31 00:00:00,2022-01-18 00:00:00,347.0,False
360,159,,PORTUGUÊS,5.0,DIAGNOSTICA 2,233,4,12.0,R,F,2022-01-01 00:00:00,2022-12-31 00:00:00,2022-02-03 00:00:00,331.0,False
93,286,,INGLÊS,10.0,1º SEMESTRE,279,2,17.0,B,F,2022-01-01 00:00:00,2022-12-31 00:00:00,2022-04-05 00:00:00,270.0,False
158,201,,PORTUGUÊS,0.0,MÉDIA DIAGNÓSTICA,259,5,18.0,B,M,2022-01-01 00:00:00,2022-12-31 00:00:00,2022-01-21 00:00:00,344.0,False
340,177,,PORTUGUÊS,6.5,MÉDIA ANUAL,240,6,16.0,P,F,2022-01-01 00:00:00,2022-12-31 00:00:00,2022-01-20 00:00:00,345.0,False
202,186,,INGLÊS,4.0,1º SEMESTRE,243,2,14.0,B,M,2022-01-01 00:00:00,2022-12-31 00:00:00,2022-01-20 00:00:00,345.0,False
177,409,Falta de retorno as nossas tentativas de contato,MATEMÁTICA,0.0,1º SEMESTRE,255,2,16.0,B,F,2022-01-01 00:00:00,2022-07-29 00:00:00,2022-05-06 00:00:00,84.0,True
283,190,,MATEMÁTICA,4.0,MÉDIA DIAGNÓSTICA,247,5,13.0,R,F,2022-01-01 00:00:00,2022-12-31 00:00:00,2022-01-20 00:00:00,345.0,False
181,203,,MATEMÁTICA,4.0,MÉDIA ANUAL,252,6,17.0,R,F,2022-01-01 00:00:00,2022-12-31 00:00:00,2022-01-20 00:00:00,345.0,False
146,234,,INGLÊS,6.0,MÉDIA ANUAL,282,6,19.0,B,M,2022-01-01 00:00:00,2022-12-31 00:00:00,2022-02-27 00:00:00,307.0,False
104,199,,MATEMÁTICA,8.0,DIAGNOSTICA 2,257,4,17.0,R,M,2022-01-01 00:00:00,2022-12-31 00:00:00,2022-01-20 00:00:00,345.0,False
204,185,,MATEMÁTICA,5.0,DIAGNOSTICA 1,242,1,15.0,B,F,2022-01-01 00:00:00,2022-12-31 00:00:00,2022-01-20 00:00:00,345.0,False
324,188,,INGLÊS,4.5,DIAGNOSTICA 1,242,1,16.0,B,F,2022-01-01 00:00:00,2022-12-31 00:00:00,2022-02-02 00:00:00,332.0,False
252,201,,PORTUGUÊS,6.0,DIAGNOSTICA 1,254,1,17.0,R,F,2022-01-01 00:00:00,2022-12-31 00:00:00,2022-01-21 00:00:00,344.0,False
121,255,,INGLÊS,3.0,MÉDIA DIAGNÓSTICA,259,5,18.0,B,F,2022-01-01 00:00:00,2022-12-31 00:00:00,2022-01-21 00:00:00,344.0,False
133,201,,INGLÊS,9.0,MÉDIA ANUAL,258,6,16.0,B,F,2022-01-01 00:00:00,2022-12-31 00:00:00,2022-01-21 00:00:00,344.0,False
257,416,,MATEMÁTICA,6.0,DIAGNOSTICA 2,245,4,16.0,R,F,2022-01-01 00:00:00,2022-12-31 00:00:00,2022-01-20 00:00:00,345.0,False
249,203,,MATEMÁTICA,9.0,DIAGNOSTICA 2,251,4,16.0,B,F,2022-01-01 00:00:00,2022-12-31 00:00:00,2022-02-03 00:00:00,331.0,False
100,425,,INGLÊS,8.5,2º SEMESTRE,280,3,17.0,R,F,2022-01-01 00:00:00,2022-12-31 00:00:00,2022-02-27 00:00:00,307.0,False
233,256,,PORTUGUÊS,7.0,DIAGNOSTICA 1,242,1,15.0,B,F,2022-01-01 00:00:00,2022-12-31 00:00:00,2022-01-21 00:00:00,344.0,False
293,177,,MATEMÁTICA,5.0,DIAGNOSTICA 1,236,1,13.0,B,M,2022-01-01 00:00:00,2022-12-31 00:00:00,2022-01-18 00:00:00,347.0,False
303,419,,MATEMÁTICA,5.0,MÉDIA DIAGNÓSTICA,247,5,15.0,B,M,2022-01-01 00:00:00,2022-12-31 00:00:00,2022-01-19 00:00:00,346.0,False
207,185,,PORTUGUÊS,5.0,DIAGNOSTICA 2,245,4,15.0,P,M,2022-01-01 00:00:00,2022-12-31 00:00:00,2022-01-20 00:00:00,345.0,False
209,256,,PORTUGUÊS,7.0,MÉDIA ANUAL,246,6,15.0,B,F,2022-01-01 00:00:00,2022-12-31 00:00:00,2022-05-27 00:00:00,218.0,False
191,247,,MATEMÁTICA,4.5,MÉDIA DIAGNÓSTICA,241,5,15.0,R,F,2022-01-01 00:00:00,2022-12-31 00:00:00,2022-01-19 00:00:00,346.0,False
142,234,,INGLÊS,6.0,MÉDIA DIAGNÓSTICA,283,5,16.0,B,F,2022-01-01 00:00:00,2022-12-31 00:00:00,2022-02-27 00:00:00,307.0,False
266,181,,PORTUGUÊS,9.0,DIAGNOSTICA 2,239,4,16.0,P,F,2022-01-01 00:00:00,2022-12-31 00:00:00,2022-02-03 00:00:00,331.0,False
265,179,Falta de retorno as nossas tentativas de contato,MATEMÁTICA,2.0,1º SEMESTRE,237,2,16.0,B,F,2022-01-01 00:00:00,2022-10-04 16:25:00,2022-01-21 00:00:00,256.0,True
101,278,,INGLÊS,5.5,DIAGNOSTICA 1,278,1,18.0,R,M,2022-01-01 00:00:00,2022-12-31 00:00:00,2022-02-27 00:00:00,307.0,False
95,409,,MATEMÁTICA,0.0,DIAGNOSTICA 1,254,1,19.0,P,F,2022-01-01 00:00:00,2022-12-31 00:00:00,2022-07-23 15:04:00,160.0,False
139,201,,INGLÊS,4.5,DIAGNOSTICA 1,254,1,16.0,B,F,2022-01-01 00:00:00,2022-12-31 00:00:00,2022-01-21 00:00:00,344.0,False
309,189,,MATEMÁTICA,6.5,MÉDIA DIAGNÓSTICA,247,5,14.0,R,F,2022-01-01 00:00:00,2022-12-31 00:00:00,2022-01-18 00:00:00,347.0,False
263,277,,INGLÊS,0.0,DIAGNOSTICA 1,278,1,14.0,R,M,2022-01-01 00:00:00,2022-12-31 00:00:00,2022-02-26 00:00:00,308.0,False
180,199,,PORTUGUÊS,8.0,2º SEMESTRE,256,3,18.0,P,F,2022-01-01 00:00:00,2022-12-31 00:00:00,2022-01-18 00:00:00,347.0,False
172,203,,PORTUGUÊS,5.0,2º SEMESTRE,250,3,16.0,B,F,2022-01-01 00:00:00,2022-12-31 00:00:00,2022-01-20 00:00:00,345.0,False
322,190,,PORTUGUÊS,4.5,MÉDIA ANUAL,246,6,16.0,R,M,2022-01-01 00:00:00,2022-12-31 00:00:00,2022-01-20 00:00:00,345.0,False
240,194,,MATEMÁTICA,2.0,1º SEMESTRE,243,2,15.0,R,M,2022-01-01 00:00:00,2022-12-31 00:00:00,2022-07-23 13:39:00,160.0,False
222,273,,INGLÊS,4.5,DIAGNOSTICA 2,281,4,14.0,R,F,2022-01-01 00:00:00,2022-12-31 00:00:00,2022-02-24 00:00:00,310.0,False
337,276,,INGLÊS,8.0,1º SEMESTRE,279,2,16.0,B,M,2022-01-01 00:00:00,2022-12-31 00:00:00,2022-02-25 00:00:00,309.0,False
243,199,,MATEMÁTICA,9.0,MÉDIA ANUAL,258,6,17.0,B,M,2022-01-01 00:00:00,2022-12-31 00:00:00,2022-01-20 00:00:00,345.0,False
324,188,,INGLÊS,6.0,PROGRESSÃO,324,7,16.0,B,F,2022-01-01 00:00:00,2022-12-31 00:00:00,2022-02-02 00:00:00,332.0,False
209,277,,INGLÊS,0.0,DIAGNOSTICA 1,278,1,15.0,B,F,2022-01-01 00:00:00,2022-12-31 00:00:00,2022-05-27 00:00:00,218.0,False
309,291,,INGLÊS,5.5,MÉDIA DIAGNÓSTICA,283,5,14.0,R,F,2022-01-01 00:00:00,2022-12-31 00:00:00,2022-02-25 00:00:00,309.0,False
148,286,,INGLÊS,0.0,DIAGNOSTICA 1,278,1,17.0,B,F,2022-01-01 00:00:00,2022-12-31 00:00:00,2022-04-05 00:00:00,270.0,False
96,208,,MATEMÁTICA,6.5,MÉDIA DIAGNÓSTICA,265,5,19.0,B,F,2022-01-01 00:00:00,2022-12-31 00:00:00,2022-01-20 00:00:00,345.0,False
307,203,,PORTUGUÊS,6.0,MÉDIA DIAGNÓSTICA,253,5,16.0,R,F,2022-01-01 00:00:00,2022-12-31 00:00:00,2022-01-20 00:00:00,345.0,False
300,179,,MATEMÁTICA,3.0,1º SEMESTRE,237,2,15.0,R,M,2022-01-01 00:00:00,2022-12-31 00:00:00,2022-02-03 00:00:00,331.0,False
162,286,,INGLÊS,7.5,2º SEMESTRE,280,3,18.0,R,F,2022-01-01 00:00:00,2022-12-31 00:00:00,2022-02-27 00:00:00,307.0,False
171,203,,INGLÊS,6.0,DIAGNOSTICA 1,248,1,18.0,R,F,2022-01-01 00:00:00,2022-12-31 00:00:00,2022-01-20 00:00:00,345.0,False
271,274,,INGLÊS,0.0,DIAGNOSTICA 2,281,4,17.0,B,M,2022-01-01 00:00:00,2022-12-31 00:00:00,2022-02-24 00:00:00,310.0,False
150,255,,INGLÊS,5.0,DIAGNOSTICA 2,257,4,18.0,B,F,2022-01-01 00:00:00,2022-12-31 00:00:00,2022-01-19 00:00:00,346.0,False
215,160,,MATEMÁTICA,3.5,MÉDIA ANUAL,234,6,12.0,B,F,2022-01-01 00:00:00,2022-12-31 00:00:00,2022-07-16 14:17:00,167.0,False
180,199,,PORTUGUÊS,7.0,DIAGNOSTICA 1,254,1,18.0,P,F,2022-01-01 00:00:00,2022-12-31 00:00:00,2022-01-18 00:00:00,347.0,False
329,190,,PORTUGUÊS,0.0,DIAGNOSTICA 2,245,4,16.0,R,M,2022-01-01 00:00:00,2022-12-31 00:00:00,2022-01-18 00:00:00,347.0,False
145,202,,PORTUGUÊS,4.5,DIAGNOSTICA 2,257,4,18.0,B,M,2022-01-01 00:00:00,2022-12-31 00:00:00,2022-01-20 00:00:00,345.0,False
167,274,,INGLÊS,3.5,MÉDIA ANUAL,282,6,18.0,B,F,2022-01-01 00:00:00,2022-12-31 00:00:00,2022-02-27 00:00:00,307.0,False
341,276,,INGLÊS,5.0,MÉDIA DIAGNÓSTICA,283,5,14.0,P,F,2022-01-01 00:00:00,2022-12-31 00:00:00,2022-02-25 00:00:00,309.0,False
149,249,,INGLÊS,5.5,MÉDIA DIAGNÓSTICA,253,5,17.0,R,F,2022-01-01 00:00:00,2022-12-31 00:00:00,2022-01-19 00:00:00,346.0,False
346,186,,MATEMÁTICA,7.0,MÉDIA DIAGNÓSTICA,247,5,14.0,R,F,2022-01-01 00:00:00,2022-12-31 00:00:00,2022-01-18 00:00:00,347.0,False
185,169,,MATEMÁTICA,5.0,MÉDIA DIAGNÓSTICA,241,5,15.0,R,M,2022-01-01 00:00:00,2022-12-31 00:00:00,2022-01-20 00:00:00,345.0,False
159,243,,PORTUGUÊS,3.0,MÉDIA DIAGNÓSTICA,253,5,18.0,B,M,2022-01-01 00:00:00,2022-12-31 00:00:00,2022-01-18 00:00:00,347.0,False
222,185,,PORTUGUÊS,5.5,MÉDIA DIAGNÓSTICA,247,5,14.0,R,F,2022-01-01 00:00:00,2022-12-31 00:00:00,2022-01-20 00:00:00,345.0,False
147,297,,INGLÊS,6.0,DIAGNOSTICA 2,281,4,18.0,R,M,2022-01-01 00:00:00,2022-12-31 00:00:00,2022-02-27 00:00:00,307.0,False
346,186,,PORTUGUÊS,8.0,2º SEMESTRE,244,3,14.0,R,F,2022-01-01 00:00:00,2022-12-31 00:00:00,2022-01-18 00:00:00,347.0,False
107,202,,MATEMÁTICA,0.0,MÉDIA DIAGNÓSTICA,259,5,18.0,B,F,2022-01-01 00:00:00,2022-12-31 00:00:00,2022-03-14 00:00:00,292.0,False
148,211,,INGLÊS,0.0,2º SEMESTRE,268,3,17.0,B,F,2022-01-01 00:00:00,2022-12-31 00:00:00,2022-02-02 00:00:00,332.0,False
281,174,,MATEMÁTICA,5.5,MÉDIA ANUAL,240,6,13.0,R,F,2022-01-01 00:00:00,2022-12-31 00:00:00,2022-01-18 00:00:00,347.0,False
136,255,,INGLÊS,7.5,DIAGNOSTICA 2,257,4,16.0,B,F,2022-01-01 00:00:00,2022-12-31 00:00:00,2022-02-03 00:00:00,331.0,False
143,234,,INGLÊS,4.5,MÉDIA DIAGNÓSTICA,283,5,17.0,R,M,2022-01-01 00:00:00,2022-12-31 00:00:00,2022-02-27 00:00:00,307.0,False
177,409,Falta de retorno as nossas tentativas de contato,MATEMÁTICA,0.0,DIAGNOSTICA 1,254,1,16.0,B,F,2022-01-01 00:00:00,2022-07-29 00:00:00,2022-05-06 00:00:00,84.0,True
362,169,,PORTUGUÊS,5.0,2º SEMESTRE,238,3,13.0,R,M,2022-01-01 00:00:00,2022-12-31 00:00:00,2022-05-20 00:00:00,225.0,False
295,178,,PORTUGUÊS,3.5,MÉDIA ANUAL,240,6,18.0,R,F,2022-01-01 00:00:00,2022-12-31 00:00:00,2022-01-18 00:00:00,347.0,False
91,200,,MATEMÁTICA,8.5,2º SEMESTRE,256,3,18.0,P,F,2022-01-01 00:00:00,2022-12-31 00:00:00,2022-01-18 00:00:00,347.0,False
133,234,,INGLÊS,4.5,MÉDIA DIAGNÓSTICA,283,5,16.0,B,F,2022-01-01 00:00:00,2022-12-31 00:00:00,2022-02-27 00:00:00,307.0,False
162,286,,INGLÊS,5.0,MÉDIA ANUAL,282,6,18.0,R,F,2022-01-01 00:00:00,2022-12-31 00:00:00,2022-02-27 00:00:00,307.0,False
299,170,Mudou de bairro/cidade/distância,MATEMÁTICA,0.0,DIAGNOSTICA 1,236,1,13.0,B,M,2022-01-01 00:00:00,2022-05-31 00:00:00,2022-02-03 00:00:00,117.0,True
303,295,,INGLÊS,8.0,DIAGNOSTICA 1,278,1,15.0,B,M,2022-01-01 00:00:00,2022-12-31 00:00:00,2022-02-26 00:00:00,308.0,False
28,210,,INGLÊS,6.5,MÉDIA ANUAL,270,6,19.0,R,F,2022-01-01 00:00:00,2022-12-31 00:00:00,2022-01-20 00:00:00,345.0,False
356,193,,INGLÊS,3.5,MÉDIA DIAGNÓSTICA,247,5,16.0,B,F,2022-01-01 00:00:00,2022-12-31 00:00:00,2022-02-02 00:00:00,332.0,False
270,256,,PORTUGUÊS,2.0,DIAGNOSTICA 1,242,1,16.0,P,M,2022-01-01 00:00:00,2022-12-31 00:00:00,2022-07-23 14:04:00,160.0,False
219,185,,INGLÊS,5.5,1º SEMESTRE,243,2,15.0,B,F,2022-01-01 00:00:00,2022-12-31 00:00:00,2022-01-20 00:00:00,345.0,False
195,183,,MATEMÁTICA,7.0,2º SEMESTRE,238,3,15.0,R,F,2022-01-01 00:00:00,2022-12-31 00:00:00,2022-01-19 00:00:00,346.0,False
139,201,,MATEMÁTICA,4.5,MÉDIA ANUAL,258,6,16.0,B,F,2022-01-01 00:00:00,2022-12-31 00:00:00,2022-01-21 00:00:00,344.0,False
173,202,Mudou de bairro/cidade/distância,PORTUGUÊS,4.5,DIAGNOSTICA 1,254,1,17.0,B,F,2022-01-01 00:00:00,2022-06-13 00:00:00,2022-01-20 00:00:00,144.0,True
162,205,,PORTUGUÊS,4.0,MÉDIA DIAGNÓSTICA,253,5,18.0,R,F,2022-01-01 00:00:00,2022-12-31 00:00:00,2022-03-09 00:00:00,297.0,False
145,202,,MATEMÁTICA,6.5,1º SEMESTRE,255,2,18.0,B,M,2022-01-01 00:00:00,2022-12-31 00:00:00,2022-01-20 00:00:00,345.0,False
114,208,Outras prioridades/trabalho,PORTUGUÊS,1.5,DIAGNOSTICA 1,260,1,19.0,B,F,2022-01-01 00:00:00,2022-06-27 00:00:00,2022-01-20 00:00:00,158.0,True
101,208,,MATEMÁTICA,8.0,DIAGNOSTICA 2,263,4,18.0,R,M,2022-01-01 00:00:00,2022-12-31 00:00:00,2022-01-20 00:00:00,345.0,False
269,452,,INGLÊS,3.5,DIAGNOSTICA 2,281,4,16.0,R,M,2022-01-01 00:00:00,2022-12-31 00:00:00,2022-07-23 18:25:00,160.0,False
4,211,,INGLÊS,0.0,MÉDIA DIAGNÓSTICA,271,5,19.0,B,F,2022-01-01 00:00:00,2022-12-31 00:00:00,2022-01-20 00:00:00,345.0,False
348,183,,MATEMÁTICA,9.5,2º SEMESTRE,238,3,15.0,B,F,2022-01-01 00:00:00,2022-12-31 00:00:00,2022-06-01 00:00:00,213.0,False
322,276,,INGLÊS,1.0,DIAGNOSTICA 1,278,1,16.0,R,M,2022-01-01 00:00:00,2022-12-31 00:00:00,2022-02-25 00:00:00,309.0,False
298,193,Falta de retorno as nossas tentativas de contato,PORTUGUÊS,3.5,1º SEMESTRE,243,2,17.0,R,F,2022-01-01 00:00:00,2022-10-11 11:10:00,2022-02-03 00:00:00,250.0,True
334,190,,PORTUGUÊS,2.0,DIAGNOSTICA 1,242,1,16.0,B,F,2022-01-01 00:00:00,2022-12-31 00:00:00,2022-01-18 00:00:00,347.0,False
345,189,Mudou de bairro/cidade/distância,PORTUGUÊS,8.0,1º SEMESTRE,243,2,15.0,P,F,2022-01-01 00:00:00,2022-08-01 00:00:00,2022-01-20 00:00:00,193.0,True
213,266,,MATEMÁTICA,8.5,2º SEMESTRE,250,3,16.0,R,M,2022-01-01 00:00:00,2022-12-31 00:00:00,2022-01-20 00:00:00,345.0,False
218,205,,INGLÊS,5.0,DIAGNOSTICA 2,251,4,17.0,B,F,2022-01-01 00:00:00,2022-12-31 00:00:00,2022-01-18 00:00:00,347.0,False
113,278,,INGLÊS,0.0,DIAGNOSTICA 2,281,4,19.0,B,F,2022-01-01 00:00:00,2022-12-31 00:00:00,2022-02-27 00:00:00,307.0,False
113,278,,INGLÊS,5.0,DIAGNOSTICA 1,278,1,19.0,B,F,2022-01-01 00:00:00,2022-12-31 00:00:00,2022-02-27 00:00:00,307.0,False
259,172,,PORTUGUÊS,0.0,DIAGNOSTICA 2,239,4,14.0,B,F,2022-01-01 00:00:00,2022-12-31 00:00:00,2022-01-21 00:00:00,344.0,False
332,190,,INGLÊS,1.0,MÉDIA ANUAL,246,6,16.0,R,M,2022-01-01 00:00:00,2022-12-31 00:00:00,2022-01-18 00:00:00,347.0,False
307,425,,INGLÊS,5.0,DIAGNOSTICA 2,281,4,16.0,R,F,2022-01-01 00:00:00,2022-12-31 00:00:00,2022-03-04 00:00:00,302.0,False
243,199,,PORTUGUÊS,8.0,MÉDIA ANUAL,258,6,17.0,B,M,2022-01-01 00:00:00,2022-12-31 00:00:00,2022-01-20 00:00:00,345.0,False
251,255,,PORTUGUÊS,7.5,MÉDIA ANUAL,258,6,17.0,R,M,2022-01-01 00:00:00,2022-12-31 00:00:00,2022-01-20 00:00:00,345.0,False
120,208,,INGLÊS,7.5,1º SEMESTRE,261,2,18.0,R,F,2022-01-01 00:00:00,2022-12-31 00:00:00,2022-01-18 00:00:00,347.0,False
163,291,,INGLÊS,9.0,MÉDIA ANUAL,282,6,18.0,R,F,2022-01-01 00:00:00,2022-12-31 00:00:00,2022-02-27 00:00:00,307.0,False
141,234,,INGLÊS,7.0,DIAGNOSTICA 2,281,4,16.0,R,F,2022-01-01 00:00:00,2022-12-31 00:00:00,2022-02-27 00:00:00,307.0,False
260,291,,INGLÊS,3.0,MÉDIA DIAGNÓSTICA,283,5,16.0,R,F,2022-01-01 00:00:00,2022-12-31 00:00:00,2022-04-28 00:00:00,247.0,False
310,194,,MATEMÁTICA,5.5,MÉDIA DIAGNÓSTICA,247,5,15.0,R,F,2022-01-01 00:00:00,2022-12-31 00:00:00,2022-01-19 00:00:00,346.0,False
248,172,,MATEMÁTICA,5.5,MÉDIA ANUAL,240,6,14.0,R,F,2022-01-01 00:00:00,2022-12-31 00:00:00,2022-01-20 00:00:00,345.0,False
116,286,,INGLÊS,1.5,MÉDIA ANUAL,282,6,18.0,B,M,2022-01-01 00:00:00,2022-12-31 00:00:00,2022-02-27 00:00:00,307.0,False
274,185,,MATEMÁTICA,6.5,DIAGNOSTICA 2,245,4,15.0,P,M,2022-01-01 00:00:00,2022-12-31 00:00:00,2022-01-20 00:00:00,345.0,False
285,205,,PORTUGUÊS,5.0,MÉDIA DIAGNÓSTICA,253,5,15.0,R,F,2022-01-01 00:00:00,2022-12-31 00:00:00,2022-06-03 00:00:00,211.0,False
29,210,,MATEMÁTICA,4.5,DIAGNOSTICA 1,266,1,19.0,R,M,2022-01-01 00:00:00,2022-12-31 00:00:00,2022-01-18 00:00:00,347.0,False
136,255,,PORTUGUÊS,4.0,DIAGNOSTICA 2,257,4,16.0,B,F,2022-01-01 00:00:00,2022-12-31 00:00:00,2022-02-03 00:00:00,331.0,False
305,186,,MATEMÁTICA,2.5,1º SEMESTRE,243,2,17.0,R,M,2022-01-01 00:00:00,2022-12-31 00:00:00,2022-01-20 00:00:00,345.0,False
219,185,,MATEMÁTICA,8.0,2º SEMESTRE,244,3,15.0,B,F,2022-01-01 00:00:00,2022-12-31 00:00:00,2022-01-20 00:00:00,345.0,False
95,409,,MATEMÁTICA,7.0,DIAGNOSTICA 2,257,4,19.0,P,F,2022-01-01 00:00:00,2022-12-31 00:00:00,2022-07-23 15:04:00,160.0,False
26,210,,MATEMÁTICA,9.0,DIAGNOSTICA 2,269,4,19.0,B,F,2022-01-01 00:00:00,2022-12-31 00:00:00,2022-01-18 00:00:00,347.0,False
307,203,,MATEMÁTICA,7.0,2º SEMESTRE,250,3,16.0,R,F,2022-01-01 00:00:00,2022-12-31 00:00:00,2022-01-20 00:00:00,345.0,False
263,194,,INGLÊS,0.0,DIAGNOSTICA 1,242,1,14.0,R,M,2022-01-01 00:00:00,2022-12-31 00:00:00,2022-01-21 00:00:00,344.0,False
336,174,,MATEMÁTICA,0.0,DIAGNOSTICA 1,236,1,14.0,B,F,2022-01-01 00:00:00,2022-12-31 00:00:00,2022-02-10 00:00:00,324.0,False
153,283,,INGLÊS,6.5,DIAGNOSTICA 2,281,4,18.0,B,M,2022-01-01 00:00:00,2022-12-31 00:00:00,2022-03-02 00:00:00,304.0,False
202,273,,INGLÊS,8.0,DIAGNOSTICA 2,281,4,14.0,B,M,2022-01-01 00:00:00,2022-12-31 00:00:00,2022-02-24 00:00:00,310.0,False
158,201,,INGLÊS,6.0,DIAGNOSTICA 2,257,4,18.0,B,M,2022-01-01 00:00:00,2022-12-31 00:00:00,2022-01-21 00:00:00,344.0,False
136,255,,MATEMÁTICA,5.5,1º SEMESTRE,255,2,16.0,B,F,2022-01-01 00:00:00,2022-12-31 00:00:00,2022-02-03 00:00:00,331.0,False
179,266,,PORTUGUÊS,3.5,MÉDIA ANUAL,252,6,16.0,B,F,2022-01-01 00:00:00,2022-12-31 00:00:00,2022-02-08 00:00:00,326.0,False
250,185,,INGLÊS,9.5,1º SEMESTRE,243,2,14.0,B,F,2022-01-01 00:00:00,2022-12-31 00:00:00,2022-01-20 00:00:00,345.0,False
179,266,,PORTUGUÊS,1.5,2º SEMESTRE,250,3,16.0,B,F,2022-01-01 00:00:00,2022-12-31 00:00:00,2022-02-08 00:00:00,326.0,False
289,188,,MATEMÁTICA,0.0,DIAGNOSTICA 1,242,1,15.0,B,F,2022-01-01 00:00:00,2022-12-31 00:00:00,2022-01-18 00:00:00,347.0,False
246,185,,PORTUGUÊS,6.5,DIAGNOSTICA 2,245,4,14.0,B,M,2022-01-01 00:00:00,2022-12-31 00:00:00,2022-02-02 00:00:00,332.0,False
272,194,,MATEMÁTICA,5.0,MÉDIA DIAGNÓSTICA,247,5,15.0,B,M,2022-01-01 00:00:00,2022-12-31 00:00:00,2022-07-23 13:41:00,160.0,False
241,179,,MATEMÁTICA,5.5,2º SEMESTRE,238,3,14.0,B,F,2022-01-01 00:00:00,2022-12-31 00:00:00,2022-01-21 00:00:00,344.0,False
109,208,,MATEMÁTICA,10.0,DIAGNOSTICA 1,260,1,19.0,B,F,2022-01-01 00:00:00,2022-12-31 00:00:00,2022-01-20 00:00:00,345.0,False
122,273,,INGLÊS,8.5,1º SEMESTRE,279,2,19.0,B,F,2022-01-01 00:00:00,2022-12-31 00:00:00,2022-03-04 00:00:00,302.0,False
142,207,,PORTUGUÊS,8.0,2º SEMESTRE,250,3,16.0,B,F,2022-01-01 00:00:00,2022-12-31 00:00:00,2022-01-21 00:00:00,344.0,False
250,273,,INGLÊS,0.0,DIAGNOSTICA 1,278,1,14.0,B,F,2022-01-01 00:00:00,2022-12-31 00:00:00,2022-02-24 00:00:00,310.0,False
249,203,,INGLÊS,7.0,MÉDIA ANUAL,252,6,16.0,B,F,2022-01-01 00:00:00,2022-12-31 00:00:00,2022-02-03 00:00:00,331.0,False
285,286,,INGLÊS,9.5,2º SEMESTRE,280,3,15.0,R,F,2022-01-01 00:00:00,2022-12-31 00:00:00,2022-02-24 00:00:00,310.0,False
8,210,,INGLÊS,3.5,1º SEMESTRE,267,2,22.0,B,F,2022-01-01 00:00:00,2022-12-31 00:00:00,2022-01-20 00:00:00,345.0,False
104,199,,PORTUGUÊS,8.5,2º SEMESTRE,256,3,17.0,R,M,2022-01-01 00:00:00,2022-12-31 00:00:00,2022-01-20 00:00:00,345.0,False
215,160,,MATEMÁTICA,0.0,DIAGNOSTICA 1,230,1,12.0,B,F,2022-01-01 00:00:00,2022-12-31 00:00:00,2022-07-16 14:17:00,167.0,False
255,200,,PORTUGUÊS,7.0,DIAGNOSTICA 2,257,4,17.0,B,F,2022-01-01 00:00:00,2022-12-31 00:00:00,2022-01-20 00:00:00,345.0,False
337,190,,MATEMÁTICA,3.0,DIAGNOSTICA 1,242,1,16.0,B,M,2022-01-01 00:00:00,2022-12-31 00:00:00,2022-01-18 00:00:00,347.0,False
184,169,,PORTUGUÊS,5.5,MÉDIA ANUAL,240,6,12.0,P,M,2022-01-01 00:00:00,2022-12-31 00:00:00,2022-02-03 00:00:00,331.0,False
317,189,,PORTUGUÊS,6.0,MÉDIA ANUAL,246,6,14.0,R,F,2022-01-01 00:00:00,2022-12-31 00:00:00,2022-03-07 00:00:00,299.0,False
352,249,,PORTUGUÊS,6.0,MÉDIA DIAGNÓSTICA,253,5,17.0,R,F,2022-01-01 00:00:00,2022-12-31 00:00:00,2022-01-19 00:00:00,346.0,False
334,276,,INGLÊS,0.0,DIAGNOSTICA 1,278,1,16.0,B,F,2022-01-01 00:00:00,2022-12-31 00:00:00,2022-02-25 00:00:00,309.0,False
330,190,,MATEMÁTICA,5.5,MÉDIA DIAGNÓSTICA,247,5,16.0,B,M,2022-01-01 00:00:00,2022-12-31 00:00:00,2022-01-18 00:00:00,347.0,False
29,210,,INGLÊS,9.0,MÉDIA ANUAL,270,6,19.0,R,M,2022-01-01 00:00:00,2022-12-31 00:00:00,2022-01-18 00:00:00,347.0,False
294,189,,MATEMÁTICA,8.0,MÉDIA DIAGNÓSTICA,247,5,15.0,B,M,2022-01-01 00:00:00,2022-12-31 00:00:00,2022-01-18 00:00:00,347.0,False
178,202,,PORTUGUÊS,5.0,DIAGNOSTICA 2,257,4,17.0,R,F,2022-01-01 00:00:00,2022-12-31 00:00:00,2022-01-20 00:00:00,345.0,False
357,207,,INGLÊS,10.0,MÉDIA ANUAL,252,6,16.0,B,M,2022-01-01 00:00:00,2022-12-31 00:00:00,2022-01-21 00:00:00,344.0,False
310,194,,MATEMÁTICA,6.5,1º SEMESTRE,243,2,15.0,R,F,2022-01-01 00:00:00,2022-12-31 00:00:00,2022-01-19 00:00:00,346.0,False
123,201,,PORTUGUÊS,5.5,2º SEMESTRE,256,3,17.0,B,F,2022-01-01 00:00:00,2022-12-31 00:00:00,2022-01-21 00:00:00,344.0,False
357,207,,PORTUGUÊS,7.5,MÉDIA ANUAL,252,6,16.0,B,M,2022-01-01 00:00:00,2022-12-31 00:00:00,2022-01-21 00:00:00,344.0,False
151,201,,INGLÊS,7.5,MÉDIA DIAGNÓSTICA,259,5,15.0,B,F,2022-01-01 00:00:00,2022-12-31 00:00:00,2022-03-02 00:00:00,304.0,False
247,170,,MATEMÁTICA,7.5,2º SEMESTRE,238,3,16.0,B,F,2022-01-01 00:00:00,2022-12-31 00:00:00,2022-01-20 00:00:00,345.0,False
91,200,,INGLÊS,7.0,1º SEMESTRE,255,2,18.0,P,F,2022-01-01 00:00:00,2022-12-31 00:00:00,2022-01-18 00:00:00,347.0,False
222,185,,INGLÊS,4.5,DIAGNOSTICA 2,245,4,14.0,R,F,2022-01-01 00:00:00,2022-12-31 00:00:00,2022-01-20 00:00:00,345.0,False
255,200,,MATEMÁTICA,3.0,DIAGNOSTICA 1,254,1,17.0,B,F,2022-01-01 00:00:00,2022-12-31 00:00:00,2022-01-20 00:00:00,345.0,False
243,199,,MATEMÁTICA,4.5,DIAGNOSTICA 1,254,1,17.0,B,M,2022-01-01 00:00:00,2022-12-31 00:00:00,2022-01-20 00:00:00,345.0,False
120,208,,MATEMÁTICA,5.5,DIAGNOSTICA 2,263,4,18.0,R,F,2022-01-01 00:00:00,2022-12-31 00:00:00,2022-01-18 00:00:00,347.0,False
338,169,,MATEMÁTICA,4.5,MÉDIA DIAGNÓSTICA,241,5,14.0,B,F,2022-01-01 00:00:00,2022-12-31 00:00:00,2022-01-20 00:00:00,345.0,False
212,183,Não se adaptou as aulas/não acompanhou,PORTUGUÊS,0.0,DIAGNOSTICA 1,236,1,17.0,B,M,2022-01-01 00:00:00,2022-08-24 19:20:00,2022-01-19 00:00:00,217.0,True
307,203,,PORTUGUÊS,7.0,DIAGNOSTICA 2,251,4,16.0,R,F,2022-01-01 00:00:00,2022-12-31 00:00:00,2022-01-20 00:00:00,345.0,False
318,185,Conflito com horário escolar / período integral,MATEMÁTICA,0.0,DIAGNOSTICA 1,242,1,16.0,R,M,2022-01-01 00:00:00,2022-05-31 00:00:00,2022-01-20 00:00:00,131.0,True
269,194,,MATEMÁTICA,3.5,MÉDIA ANUAL,246,6,16.0,R,M,2022-01-01 00:00:00,2022-12-31 00:00:00,2022-07-23 13:42:00,160.0,False
186,185,,MATEMÁTICA,8.0,MÉDIA ANUAL,246,6,13.0,R,M,2022-01-01 00:00:00,2022-12-31 00:00:00,2022-01-20 00:00:00,345.0,False
210,277,,INGLÊS,0.5,MÉDIA ANUAL,282,6,15.0,B,F,2022-01-01 00:00:00,2022-12-31 00:00:00,2022-05-27 00:00:00,218.0,False
106,208,,MATEMÁTICA,6.5,MÉDIA DIAGNÓSTICA,265,5,18.0,P,M,2022-01-01 00:00:00,2022-12-31 00:00:00,2022-01-20 00:00:00,345.0,False
336,174,,PORTUGUÊS,8.0,MÉDIA DIAGNÓSTICA,241,5,14.0,B,F,2022-01-01 00:00:00,2022-12-31 00:00:00,2022-02-10 00:00:00,324.0,False
183,185,Outras prioridades/trabalho,INGLÊS,4.0,DIAGNOSTICA 1,242,1,14.0,B,M,2022-01-01 00:00:00,2022-08-10 12:16:00,2022-01-20 00:00:00,202.0,True
239,194,,PORTUGUÊS,4.0,DIAGNOSTICA 1,242,1,16.0,B,M,2022-01-01 00:00:00,2022-12-31 00:00:00,2022-07-23 13:38:00,160.0,False
330,276,,INGLÊS,4.5,1º SEMESTRE,279,2,16.0,B,M,2022-01-01 00:00:00,2022-12-31 00:00:00,2022-02-25 00:00:00,309.0,False
91,291,,INGLÊS,7.0,1º SEMESTRE,279,2,18.0,P,F,2022-01-01 00:00:00,2022-12-31 00:00:00,2022-02-27 00:00:00,307.0,False
250,185,,PORTUGUÊS,6.0,MÉDIA DIAGNÓSTICA,247,5,14.0,B,F,2022-01-01 00:00:00,2022-12-31 00:00:00,2022-01-20 00:00:00,345.0,False
101,208,,MATEMÁTICA,8.5,MÉDIA ANUAL,264,6,18.0,R,M,2022-01-01 00:00:00,2022-12-31 00:00:00,2022-01-20 00:00:00,345.0,False
321,242,,INGLÊS,3.5,MÉDIA DIAGNÓSTICA,247,5,17.0,B,F,2022-01-01 00:00:00,2022-12-31 00:00:00,2022-01-18 00:00:00,347.0,False
21,210,,MATEMÁTICA,5.0,DIAGNOSTICA 2,269,4,19.0,R,M,2022-01-01 00:00:00,2022-12-31 00:00:00,2022-01-20 00:00:00,345.0,False
246,273,,INGLÊS,3.5,DIAGNOSTICA 1,278,1,14.0,B,M,2022-01-01 00:00:00,2022-12-31 00:00:00,2022-02-25 00:00:00,309.0,False
340,177,,PORTUGUÊS,0.0,DIAGNOSTICA 1,236,1,16.0,P,F,2022-01-01 00:00:00,2022-12-31 00:00:00,2022-01-20 00:00:00,345.0,False
188,169,,PORTUGUÊS,8.0,2º SEMESTRE,238,3,13.0,B,F,2022-01-01 00:00:00,2022-12-31 00:00:00,2022-01-20 00:00:00,345.0,False
134,201,,INGLÊS,10.0,MÉDIA ANUAL,258,6,17.0,R,F,2022-01-01 00:00:00,2022-12-31 00:00:00,2022-01-21 00:00:00,344.0,False
222,185,,MATEMÁTICA,4.5,1º SEMESTRE,243,2,14.0,R,F,2022-01-01 00:00:00,2022-12-31 00:00:00,2022-01-20 00:00:00,345.0,False
341,190,,PORTUGUÊS,5.0,MÉDIA DIAGNÓSTICA,247,5,14.0,P,F,2022-01-01 00:00:00,2022-12-31 00:00:00,2022-01-18 00:00:00,347.0,False
235,415,,PORTUGUÊS,7.0,MÉDIA ANUAL,240,6,13.0,R,F,2022-03-24 00:00:00,2022-12-31 00:00:00,2022-01-21 00:00:00,344.0,False
285,205,,MATEMÁTICA,7.0,1º SEMESTRE,249,2,15.0,R,F,2022-01-01 00:00:00,2022-12-31 00:00:00,2022-06-03 00:00:00,211.0,False
218,286,,INGLÊS,5.0,MÉDIA ANUAL,282,6,17.0,B,F,2022-01-01 00:00:00,2022-12-31 00:00:00,2022-02-27 00:00:00,307.0,False
108,208,,PORTUGUÊS,7.5,1º SEMESTRE,261,2,18.0,R,F,2022-01-01 00:00:00,2022-12-31 00:00:00,2022-01-20 00:00:00,345.0,False
100,202,,INGLÊS,5.0,DIAGNOSTICA 2,257,4,17.0,R,F,2022-01-01 00:00:00,2022-12-31 00:00:00,2022-01-20 00:00:00,345.0,False
223,180,,PORTUGUÊS,8.5,MÉDIA ANUAL,240,6,14.0,B,F,2022-01-01 00:00:00,2022-12-31 00:00:00,2022-01-21 00:00:00,344.0,False
92,452,,INGLÊS,4.0,MÉDIA DIAGNÓSTICA,283,5,20.0,R,M,2022-01-01 00:00:00,2022-12-31 00:00:00,2022-09-12 13:08:00,109.0,False
178,202,,PORTUGUÊS,5.5,MÉDIA ANUAL,258,6,17.0,R,F,2022-01-01 00:00:00,2022-12-31 00:00:00,2022-01-20 00:00:00,345.0,False
201,186,,PORTUGUÊS,6.5,1º SEMESTRE,243,2,14.0,B,F,2022-01-01 00:00:00,2022-12-31 00:00:00,2022-01-20 00:00:00,345.0,False
357,234,,INGLÊS,10.0,1º SEMESTRE,279,2,16.0,B,M,2022-01-01 00:00:00,2022-12-31 00:00:00,2022-02-27 00:00:00,307.0,False
360,159,,PORTUGUÊS,7.0,2º SEMESTRE,232,3,12.0,R,F,2022-01-01 00:00:00,2022-12-31 00:00:00,2022-02-03 00:00:00,331.0,False
100,202,,MATEMÁTICA,6.0,MÉDIA ANUAL,258,6,17.0,R,F,2022-01-01 00:00:00,2022-12-31 00:00:00,2022-01-20 00:00:00,345.0,False
126,208,,PORTUGUÊS,7.0,DIAGNOSTICA 1,260,1,19.0,R,M,2022-01-01 00:00:00,2022-12-31 00:00:00,2022-01-21 00:00:00,344.0,False
120,278,,INGLÊS,8.0,MÉDIA ANUAL,282,6,18.0,R,F,2022-01-01 00:00:00,2022-12-31 00:00:00,2022-02-27 00:00:00,307.0,False
258,277,Não se adaptou as aulas/não acompanhou,INGLÊS,0.0,DIAGNOSTICA 1,278,1,15.0,R,F,2022-01-01 00:00:00,2022-09-16 17:55:00,2022-07-23 19:17:00,54.0,True
308,183,,MATEMÁTICA,7.0,DIAGNOSTICA 2,239,4,12.0,R,F,2022-01-01 00:00:00,2022-12-31 00:00:00,2022-02-03 00:00:00,331.0,False
277,186,,INGLÊS,4.0,MÉDIA ANUAL,246,6,15.0,B,F,2022-01-01 00:00:00,2022-12-31 00:00:00,2022-07-23 14:17:00,160.0,False
337,190,,INGLÊS,0.0,DIAGNOSTICA 1,242,1,16.0,B,M,2022-01-01 00:00:00,2022-12-31 00:00:00,2022-01-18 00:00:00,347.0,False
296,415,,MATEMÁTICA,6.0,DIAGNOSTICA 1,236,1,14.0,R,F,2022-01-01 00:00:00,2022-12-31 00:00:00,2022-01-21 00:00:00,344.0,False
240,194,,PORTUGUÊS,1.5,MÉDIA DIAGNÓSTICA,247,5,15.0,R,M,2022-01-01 00:00:00,2022-12-31 00:00:00,2022-07-23 13:39:00,160.0,False
106,423,,INGLÊS,5.5,DIAGNOSTICA 1,278,1,18.0,P,M,2022-01-01 00:00:00,2022-12-31 00:00:00,2022-03-04 00:00:00,302.0,False
208,187,,PORTUGUÊS,3.5,2º SEMESTRE,244,3,16.0,B,M,2022-01-01 00:00:00,2022-12-31 00:00:00,2022-01-20 00:00:00,345.0,False
145,202,,PORTUGUÊS,2.5,1º SEMESTRE,255,2,18.0,B,M,2022-01-01 00:00:00,2022-12-31 00:00:00,2022-01-20 00:00:00,345.0,False
128,208,,PORTUGUÊS,5.0,1º SEMESTRE,261,2,19.0,P,F,2022-01-01 00:00:00,2022-12-31 00:00:00,2022-01-19 00:00:00,346.0,False
342,177,,MATEMÁTICA,8.0,2º SEMESTRE,238,3,14.0,B,M,2022-01-01 00:00:00,2022-12-31 00:00:00,2022-01-20 00:00:00,345.0,False
320,247,,MATEMÁTICA,2.5,MÉDIA DIAGNÓSTICA,241,5,13.0,B,F,2022-01-01 00:00:00,2022-12-31 00:00:00,2022-01-19 00:00:00,346.0,False
176,286,,INGLÊS,3.0,MÉDIA DIAGNÓSTICA,283,5,17.0,R,M,2022-01-01 00:00:00,2022-12-31 00:00:00,2022-02-27 00:00:00,307.0,False
341,190,,MATEMÁTICA,6.0,MÉDIA ANUAL,246,6,14.0,P,F,2022-01-01 00:00:00,2022-12-31 00:00:00,2022-01-18 00:00:00,347.0,False
21,210,,INGLÊS,4.0,DIAGNOSTICA 2,269,4,19.0,R,M,2022-01-01 00:00:00,2022-12-31 00:00:00,2022-01-20 00:00:00,345.0,False
3,210,,PORTUGUÊS,5.0,DIAGNOSTICA 2,269,4,19.0,R,F,2022-01-01 00:00:00,2022-12-31 00:00:00,2022-01-20 00:00:00,345.0,False
148,211,,INGLÊS,0.0,DIAGNOSTICA 2,269,4,17.0,B,F,2022-01-01 00:00:00,2022-12-31 00:00:00,2022-02-02 00:00:00,332.0,False
329,276,,INGLÊS,1.0,1º SEMESTRE,279,2,16.0,R,M,2022-01-01 00:00:00,2022-12-31 00:00:00,2022-02-24 00:00:00,310.0,False
178,202,,INGLÊS,9.5,1º SEMESTRE,255,2,17.0,R,F,2022-01-01 00:00:00,2022-12-31 00:00:00,2022-01-20 00:00:00,345.0,False
26,303,,INGLÊS,5.0,MÉDIA DIAGNÓSTICA,283,5,19.0,B,F,2022-01-01 00:00:00,2022-12-31 00:00:00,2022-02-28 00:00:00,306.0,False
161,291,,INGLÊS,9.5,2º SEMESTRE,280,3,16.0,R,F,2022-01-01 00:00:00,2022-12-31 00:00:00,2022-02-27 00:00:00,307.0,False
134,201,,MATEMÁTICA,8.0,MÉDIA ANUAL,258,6,17.0,R,F,2022-01-01 00:00:00,2022-12-31 00:00:00,2022-01-21 00:00:00,344.0,False
241,179,,MATEMÁTICA,0.0,DIAGNOSTICA 2,239,4,14.0,B,F,2022-01-01 00:00:00,2022-12-31 00:00:00,2022-01-21 00:00:00,344.0,False
241,179,,MATEMÁTICA,2.5,DIAGNOSTICA 1,236,1,14.0,B,F,2022-01-01 00:00:00,2022-12-31 00:00:00,2022-01-21 00:00:00,344.0,False
28,210,,PORTUGUÊS,4.5,DIAGNOSTICA 2,269,4,19.0,R,F,2022-01-01 00:00:00,2022-12-31 00:00:00,2022-01-20 00:00:00,345.0,False
176,205,,PORTUGUÊS,7.0,MÉDIA ANUAL,252,6,17.0,R,M,2022-01-01 00:00:00,2022-12-31 00:00:00,2022-01-18 00:00:00,347.0,False
187,172,,PORTUGUÊS,4.0,DIAGNOSTICA 1,236,1,14.0,R,M,2022-01-01 00:00:00,2022-12-31 00:00:00,2022-01-20 00:00:00,345.0,False
180,285,,INGLÊS,9.5,1º SEMESTRE,279,2,18.0,P,F,2022-01-01 00:00:00,2022-12-31 00:00:00,2022-02-27 00:00:00,307.0,False
278,169,,MATEMÁTICA,6.0,DIAGNOSTICA 1,236,1,14.0,B,M,2022-01-01 00:00:00,2022-12-31 00:00:00,2022-02-03 00:00:00,331.0,False
109,208,,INGLÊS,7.5,DIAGNOSTICA 2,263,4,19.0,B,F,2022-01-01 00:00:00,2022-12-31 00:00:00,2022-01-20 00:00:00,345.0,False
104,199,,INGLÊS,6.0,DIAGNOSTICA 2,257,4,17.0,R,M,2022-01-01 00:00:00,2022-12-31 00:00:00,2022-01-20 00:00:00,345.0,False
272,179,Conhecimento acima da fase atual,MATEMÁTICA,5.5,1º SEMESTRE,237,2,15.0,B,M,2022-01-01 00:00:00,2022-07-23 19:00:00,2022-01-21 00:00:00,183.0,True
169,199,,PORTUGUÊS,4.5,DIAGNOSTICA 2,257,4,17.0,A,F,2022-01-01 00:00:00,2022-12-31 00:00:00,2022-01-20 00:00:00,345.0,False
169,199,,MATEMÁTICA,6.0,MÉDIA DIAGNÓSTICA,259,5,17.0,A,F,2022-01-01 00:00:00,2022-12-31 00:00:00,2022-01-20 00:00:00,345.0,False
249,303,,INGLÊS,6.5,2º SEMESTRE,280,3,16.0,B,F,2022-01-01 00:00:00,2022-12-31 00:00:00,2022-02-27 00:00:00,307.0,False
146,255,,MATEMÁTICA,8.0,2º SEMESTRE,256,3,19.0,B,M,2022-01-01 00:00:00,2022-12-31 00:00:00,2022-01-21 00:00:00,344.0,False
260,205,,MATEMÁTICA,6.0,2º SEMESTRE,250,3,16.0,R,F,2022-01-01 00:00:00,2022-12-31 00:00:00,2022-04-28 00:00:00,247.0,False
139,201,,MATEMÁTICA,7.0,DIAGNOSTICA 1,254,1,16.0,B,F,2022-01-01 00:00:00,2022-12-31 00:00:00,2022-01-21 00:00:00,344.0,False
142,207,,INGLÊS,8.0,DIAGNOSTICA 2,251,4,16.0,B,F,2022-01-01 00:00:00,2022-12-31 00:00:00,2022-01-21 00:00:00,344.0,False
158,201,,MATEMÁTICA,5.5,MÉDIA ANUAL,258,6,18.0,B,M,2022-01-01 00:00:00,2022-12-31 00:00:00,2022-01-21 00:00:00,344.0,False
274,185,,INGLÊS,4.0,MÉDIA DIAGNÓSTICA,247,5,15.0,P,M,2022-01-01 00:00:00,2022-12-31 00:00:00,2022-01-20 00:00:00,345.0,False
257,452,,INGLÊS,4.0,MÉDIA ANUAL,282,6,16.0,R,F,2022-01-01 00:00:00,2022-12-31 00:00:00,2022-02-25 00:00:00,309.0,False
144,202,Outras prioridades/trabalho,PORTUGUÊS,3.5,1º SEMESTRE,255,2,21.0,B,F,2022-01-01 00:00:00,2022-10-11 20:41:00,2022-02-14 00:00:00,239.0,True
186,185,,INGLÊS,7.5,DIAGNOSTICA 2,245,4,13.0,R,M,2022-01-01 00:00:00,2022-12-31 00:00:00,2022-01-20 00:00:00,345.0,False
297,189,,MATEMÁTICA,9.0,2º SEMESTRE,244,3,15.0,B,M,2022-01-01 00:00:00,2022-12-31 00:00:00,2022-01-18 00:00:00,347.0,False
347,297,,INGLÊS,4.0,MÉDIA ANUAL,282,6,16.0,R,F,2022-01-01 00:00:00,2022-12-31 00:00:00,2022-02-27 00:00:00,307.0,False
106,208,,INGLÊS,6.0,DIAGNOSTICA 2,263,4,18.0,P,M,2022-01-01 00:00:00,2022-12-31 00:00:00,2022-01-20 00:00:00,345.0,False
104,199,,MATEMÁTICA,6.0,MÉDIA ANUAL,258,6,17.0,R,M,2022-01-01 00:00:00,2022-12-31 00:00:00,2022-01-20 00:00:00,345.0,False
156,234,,INGLÊS,10.0,MÉDIA ANUAL,282,6,16.0,B,M,2022-01-01 00:00:00,2022-12-31 00:00:00,2022-02-27 00:00:00,307.0,False
107,425,,INGLÊS,5.0,MÉDIA ANUAL,282,6,18.0,B,F,2022-01-01 00:00:00,2022-12-31 00:00:00,2022-02-27 00:00:00,307.0,False
321,242,,MATEMÁTICA,3.0,MÉDIA ANUAL,246,6,17.0,B,F,2022-01-01 00:00:00,2022-12-31 00:00:00,2022-01-18 00:00:00,347.0,False
25,210,,PORTUGUÊS,4.5,MÉDIA ANUAL,270,6,20.0,P,F,2022-01-01 00:00:00,2022-12-31 00:00:00,2022-01-20 00:00:00,345.0,False
121,255,,MATEMÁTICA,7.0,MÉDIA DIAGNÓSTICA,259,5,18.0,B,F,2022-01-01 00:00:00,2022-12-31 00:00:00,2022-01-21 00:00:00,344.0,False
125,278,,INGLÊS,9.0,1º SEMESTRE,279,2,18.0,B,F,2022-01-01 00:00:00,2022-12-31 00:00:00,2022-02-27 00:00:00,307.0,False
232,256,,PORTUGUÊS,9.5,DIAGNOSTICA 2,245,4,14.0,B,M,2022-01-01 00:00:00,2022-12-31 00:00:00,2022-01-21 00:00:00,344.0,False
147,249,,PORTUGUÊS,6.0,DIAGNOSTICA 2,251,4,18.0,R,M,2022-01-01 00:00:00,2022-12-31 00:00:00,2022-01-19 00:00:00,346.0,False
309,189,,MATEMÁTICA,8.5,2º SEMESTRE,244,3,14.0,R,F,2022-01-01 00:00:00,2022-12-31 00:00:00,2022-01-18 00:00:00,347.0,False
219,185,,PORTUGUÊS,7.5,2º SEMESTRE,244,3,15.0,B,F,2022-01-01 00:00:00,2022-12-31 00:00:00,2022-01-20 00:00:00,345.0,False
196,169,,MATEMÁTICA,3.0,2º SEMESTRE,238,3,14.0,R,M,2022-01-01 00:00:00,2022-12-31 00:00:00,2022-01-20 00:00:00,345.0,False
121,255,,INGLÊS,6.5,1º SEMESTRE,255,2,18.0,B,F,2022-01-01 00:00:00,2022-12-31 00:00:00,2022-01-21 00:00:00,344.0,False
191,247,,MATEMÁTICA,5.0,MÉDIA ANUAL,240,6,15.0,R,F,2022-01-01 00:00:00,2022-12-31 00:00:00,2022-01-19 00:00:00,346.0,False
210,256,,MATEMÁTICA,5.5,DIAGNOSTICA 2,245,4,15.0,B,F,2022-01-01 00:00:00,2022-12-31 00:00:00,2022-05-27 00:00:00,218.0,False
185,169,,MATEMÁTICA,7.5,MÉDIA ANUAL,240,6,15.0,R,M,2022-01-01 00:00:00,2022-12-31 00:00:00,2022-01-20 00:00:00,345.0,False
32,208,,MATEMÁTICA,1.5,MÉDIA DIAGNÓSTICA,265,5,19.0,B,F,2022-01-01 00:00:00,2022-12-31 00:00:00,2022-01-18 00:00:00,347.0,False
347,249,,MATEMÁTICA,2.5,MÉDIA ANUAL,252,6,16.0,R,F,2022-01-01 00:00:00,2022-12-31 00:00:00,2022-01-19 00:00:00,346.0,False
21,210,,PORTUGUÊS,6.0,2º SEMESTRE,268,3,19.0,R,M,2022-01-01 00:00:00,2022-12-31 00:00:00,2022-01-20 00:00:00,345.0,False
145,202,,PORTUGUÊS,3.5,2º SEMESTRE,256,3,18.0,B,M,2022-01-01 00:00:00,2022-12-31 00:00:00,2022-01-20 00:00:00,345.0,False
158,201,,MATEMÁTICA,6.5,DIAGNOSTICA 2,257,4,18.0,B,M,2022-01-01 00:00:00,2022-12-31 00:00:00,2022-01-21 00:00:00,344.0,False
364,159,,MATEMÁTICA,4.0,MÉDIA DIAGNÓSTICA,235,5,12.0,R,M,2022-01-01 00:00:00,2022-12-31 00:00:00,2022-01-20 00:00:00,345.0,False
29,210,,MATEMÁTICA,8.0,2º SEMESTRE,268,3,19.0,R,M,2022-01-01 00:00:00,2022-12-31 00:00:00,2022-01-18 00:00:00,347.0,False
159,289,,INGLÊS,3.5,MÉDIA DIAGNÓSTICA,283,5,18.0,B,M,2022-01-01 00:00:00,2022-12-31 00:00:00,2022-02-27 00:00:00,307.0,False
245,169,,PORTUGUÊS,3.5,2º SEMESTRE,238,3,16.0,R,F,2022-01-01 00:00:00,2022-12-31 00:00:00,2022-01-20 00:00:00,345.0,False
168,199,,INGLÊS,4.5,DIAGNOSTICA 2,257,4,17.0,R,F,2022-01-01 00:00:00,2022-12-31 00:00:00,2022-02-14 00:00:00,320.0,False
239,194,,PORTUGUÊS,3.0,DIAGNOSTICA 2,245,4,16.0,B,M,2022-01-01 00:00:00,2022-12-31 00:00:00,2022-07-23 13:38:00,160.0,False
292,185,,PORTUGUÊS,5.0,DIAGNOSTICA 2,245,4,15.0,A,M,2022-01-01 00:00:00,2022-12-31 00:00:00,2022-01-20 00:00:00,345.0,False
146,234,,INGLÊS,7.0,1º SEMESTRE,279,2,19.0,B,M,2022-01-01 00:00:00,2022-12-31 00:00:00,2022-02-27 00:00:00,307.0,False
150,255,,INGLÊS,3.0,DIAGNOSTICA 1,254,1,18.0,B,F,2022-01-01 00:00:00,2022-12-31 00:00:00,2022-01-19 00:00:00,346.0,False
92,270,,INGLÊS,4.0,MÉDIA DIAGNÓSTICA,277,5,20.0,R,M,2022-01-01 00:00:00,2022-12-31 00:00:00,2022-01-20 00:00:00,345.0,False
115,280,Falta de retorno as nossas tentativas de contato,INGLÊS,0.0,DIAGNOSTICA 1,278,1,19.0,P,F,2022-01-01 00:00:00,2022-06-10 00:00:00,2022-03-02 00:00:00,100.0,True
150,234,,INGLÊS,3.0,DIAGNOSTICA 1,278,1,18.0,B,F,2022-01-01 00:00:00,2022-12-31 00:00:00,2022-02-27 00:00:00,307.0,False
32,208,,PORTUGUÊS,0.0,DIAGNOSTICA 2,263,4,19.0,B,F,2022-01-01 00:00:00,2022-12-31 00:00:00,2022-01-18 00:00:00,347.0,False
355,207,,MATEMÁTICA,1.5,1º SEMESTRE,249,2,16.0,R,M,2022-01-01 00:00:00,2022-12-31 00:00:00,2022-01-21 00:00:00,344.0,False
181,203,,MATEMÁTICA,2.5,1º SEMESTRE,249,2,17.0,R,F,2022-01-01 00:00:00,2022-12-31 00:00:00,2022-01-20 00:00:00,345.0,False
310,277,,INGLÊS,5.0,MÉDIA DIAGNÓSTICA,283,5,15.0,R,F,2022-01-01 00:00:00,2022-12-31 00:00:00,2022-02-26 00:00:00,308.0,False
229,180,,PORTUGUÊS,9.0,DIAGNOSTICA 2,239,4,13.0,R,F,2022-01-01 00:00:00,2022-12-31 00:00:00,2022-01-21 00:00:00,344.0,False
99,278,,INGLÊS,8.0,2º SEMESTRE,280,3,19.0,R,F,2022-01-01 00:00:00,2022-12-31 00:00:00,2022-02-27 00:00:00,307.0,False
202,186,,PORTUGUÊS,5.5,DIAGNOSTICA 1,242,1,14.0,B,M,2022-01-01 00:00:00,2022-12-31 00:00:00,2022-01-20 00:00:00,345.0,False
317,189,,PORTUGUÊS,4.0,DIAGNOSTICA 1,242,1,14.0,R,F,2022-01-01 00:00:00,2022-12-31 00:00:00,2022-03-07 00:00:00,299.0,False
298,193,Falta de retorno as nossas tentativas de contato,PORTUGUÊS,0.0,DIAGNOSTICA 1,242,1,17.0,R,F,2022-01-01 00:00:00,2022-10-11 11:10:00,2022-02-03 00:00:00,250.0,True
176,205,,INGLÊS,0.0,DIAGNOSTICA 1,248,1,17.0,R,M,2022-01-01 00:00:00,2022-12-31 00:00:00,2022-01-18 00:00:00,347.0,False
226,181,,MATEMÁTICA,4.5,2º SEMESTRE,238,3,14.0,B,F,2022-01-01 00:00:00,2022-12-31 00:00:00,2022-02-03 00:00:00,331.0,False
136,234,,INGLÊS,5.0,MÉDIA DIAGNÓSTICA,283,5,16.0,B,F,2022-01-01 00:00:00,2022-12-31 00:00:00,2022-02-27 00:00:00,307.0,False
4,211,,INGLÊS,0.0,2º SEMESTRE,268,3,19.0,B,F,2022-01-01 00:00:00,2022-12-31 00:00:00,2022-01-20 00:00:00,345.0,False
139,201,,INGLÊS,2.5,MÉDIA DIAGNÓSTICA,259,5,16.0,B,F,2022-01-01 00:00:00,2022-12-31 00:00:00,2022-01-21 00:00:00,344.0,False
249,303,,INGLÊS,4.5,DIAGNOSTICA 2,281,4,16.0,B,F,2022-01-01 00:00:00,2022-12-31 00:00:00,2022-02-27 00:00:00,307.0,False
271,186,,PORTUGUÊS,6.0,1º SEMESTRE,243,2,17.0,B,M,2022-01-01 00:00:00,2022-12-31 00:00:00,2022-01-20 00:00:00,345.0,False
263,194,,INGLÊS,0.0,1º SEMESTRE,243,2,14.0,R,M,2022-01-01 00:00:00,2022-12-31 00:00:00,2022-01-21 00:00:00,344.0,False
123,201,,MATEMÁTICA,2.0,MÉDIA DIAGNÓSTICA,259,5,17.0,B,F,2022-01-01 00:00:00,2022-12-31 00:00:00,2022-01-21 00:00:00,344.0,False
149,249,,INGLÊS,7.5,MÉDIA ANUAL,252,6,17.0,R,F,2022-01-01 00:00:00,2022-12-31 00:00:00,2022-01-19 00:00:00,346.0,False
26,210,,PORTUGUÊS,4.5,MÉDIA ANUAL,270,6,19.0,B,F,2022-01-01 00:00:00,2022-12-31 00:00:00,2022-01-18 00:00:00,347.0,False
232,256,,PORTUGUÊS,6.0,DIAGNOSTICA 1,242,1,14.0,B,M,2022-01-01 00:00:00,2022-12-31 00:00:00,2022-01-21 00:00:00,344.0,False
123,201,,PORTUGUÊS,6.0,MÉDIA ANUAL,258,6,17.0,B,F,2022-01-01 00:00:00,2022-12-31 00:00:00,2022-01-21 00:00:00,344.0,False
240,194,,INGLÊS,0.0,DIAGNOSTICA 2,245,4,15.0,R,M,2022-01-01 00:00:00,2022-12-31 00:00:00,2022-07-23 13:39:00,160.0,False
